Country Name,Country Code,Series Name,Series Code,2017 [YR2017]
Afghanistan,AFG,Population growth (annual %),SP.POP.GROW,2.54783303994568
Afghanistan,AFG,"International tourism, expenditures (% of total imports)",ST.INT.XPND.MP.ZS,1.63389324656947
Afghanistan,AFG,Population density (people per sq. km of land area),EN.POP.DNST,55.5955503477009
Afghanistan,AFG,Net migration,SM.POP.NETM,-314602
Albania,ALB,Population growth (annual %),SP.POP.GROW,-0.0919722937442495
Albania,ALB,"International tourism, expenditures (% of total imports)",ST.INT.XPND.MP.ZS,24.0589869528204
Albania,ALB,Population density (people per sq. km of land area),EN.POP.DNST,104.870693430657
Albania,ALB,Net migration,SM.POP.NETM,-69998
Algeria,DZA,Population growth (annual %),SP.POP.GROW,2.04490931275225
Algeria,DZA,"International tourism, expenditures (% of total imports)",ST.INT.XPND.MP.ZS,1.05186985792517
Algeria,DZA,Population density (people per sq. km of land area),EN.POP.DNST,17.3776972391205
Algeria,DZA,Net migration,SM.POP.NETM,-50002
American Samoa,ASM,Population growth (annual %),SP.POP.GROW,-0.219117153655893
American Samoa,ASM,"International tourism, expenditures (% of total imports)",ST.INT.XPND.MP.ZS,..
American Samoa,ASM,Population density (people per sq. km of land area),EN.POP.DNST,278.085
American Samoa,ASM,Net migration,SM.POP.NETM,..
Andorra,AND,Population growth (annual %),SP.POP.GROW,-0.38628103925755
Andorra,AND,"International tourism, expenditures (% of total imports)",ST.INT.XPND.MP.ZS,..
Andorra,AND,Population density (people per sq. km of land area),EN.POP.DNST,163.823404255319
Andorra,AND,Net migration,SM.POP.NETM,..
Angola,AGO,Population growth (annual %),SP.POP.GROW,3.32215836256296
Angola,AGO,"International tourism, expenditures (% of total imports)",ST.INT.XPND.MP.ZS,4.30342893395539
Angola,AGO,Population density (people per sq. km of land area),EN.POP.DNST,23.9165549049491
Angola,AGO,Net migration,SM.POP.NETM,32066
Antigua and Barbuda,ATG,Population growth (annual %),SP.POP.GROW,0.952914631258636
Antigua and Barbuda,ATG,"International tourism, expenditures (% of total imports)",ST.INT.XPND.MP.ZS,10.920043283727
Antigua and Barbuda,ATG,Population density (people per sq. km of land area),EN.POP.DNST,216.875
Antigua and Barbuda,ATG,Net migration,SM.POP.NETM,0
Argentina,ARG,Population growth (annual %),SP.POP.GROW,1.03713389686514
Argentina,ARG,"International tourism, expenditures (% of total imports)",ST.INT.XPND.MP.ZS,15.8771787647257
Argentina,ARG,Population density (people per sq. km of land area),EN.POP.DNST,16.0941907925267
Argentina,ARG,Net migration,SM.POP.NETM,24000
Armenia,ARM,Population growth (annual %),SP.POP.GROW,0.293899005891436
Armenia,ARM,"International tourism, expenditures (% of total imports)",ST.INT.XPND.MP.ZS,21.5553875538597
Armenia,ARM,Population density (people per sq. km of land area),EN.POP.DNST,103.434808570425
Armenia,ARM,Net migration,SM.POP.NETM,-24989
Aruba,ABW,Population growth (annual %),SP.POP.GROW,0.471874002595904
Aruba,ABW,"International tourism, expenditures (% of total imports)",ST.INT.XPND.MP.ZS,17.1229041781619
Aruba,ABW,Population density (people per sq. km of land area),EN.POP.DNST,585.338888888889
Aruba,ABW,Net migration,SM.POP.NETM,1004
Australia,AUS,Population growth (annual %),SP.POP.GROW,1.68452310845434
Australia,AUS,"International tourism, expenditures (% of total imports)",ST.INT.XPND.MP.ZS,13.7149680150395
Australia,AUS,Population density (people per sq. km of land area),EN.POP.DNST,3.19836141871706
Australia,AUS,Net migration,SM.POP.NETM,791229
Austria,AUT,Population growth (annual %),SP.POP.GROW,0.694621103604983
Austria,AUT,"International tourism, expenditures (% of total imports)",ST.INT.XPND.MP.ZS,6.04880435215347
Austria,AUT,Population density (people per sq. km of land area),EN.POP.DNST,106.61131846825
Austria,AUT,Net migration,SM.POP.NETM,324998
Azerbaijan,AZE,Population growth (annual %),SP.POP.GROW,0.98126180450475
Azerbaijan,AZE,"International tourism, expenditures (% of total imports)",ST.INT.XPND.MP.ZS,16.386956193334
Azerbaijan,AZE,Population density (people per sq. km of land area),EN.POP.DNST,119.208741622511
Azerbaijan,AZE,Net migration,SM.POP.NETM,6002
"Bahamas, The",BHS,Population growth (annual %),SP.POP.GROW,1.00728534144547
"Bahamas, The",BHS,"International tourism, expenditures (% of total imports)",ST.INT.XPND.MP.ZS,11.2568075863374
"Bahamas, The",BHS,Population density (people per sq. km of land area),EN.POP.DNST,38.1367632367632
"Bahamas, The",BHS,Net migration,SM.POP.NETM,4999
Bahrain,BHR,Population growth (annual %),SP.POP.GROW,4.67804747089484
Bahrain,BHR,"International tourism, expenditures (% of total imports)",ST.INT.XPND.MP.ZS,13.3102534113061
Bahrain,BHR,Population density (people per sq. km of land area),EN.POP.DNST,1915.48333333333
Bahrain,BHR,Net migration,SM.POP.NETM,239000
Bangladesh,BGD,Population growth (annual %),SP.POP.GROW,1.07553524898766
Bangladesh,BGD,"International tourism, expenditures (% of total imports)",ST.INT.XPND.MP.ZS,1.98538101281744
Bangladesh,BGD,Population density (people per sq. km of land area),EN.POP.DNST,1226.74518706307
Bangladesh,BGD,Net migration,SM.POP.NETM,-1847503
Barbados,BRB,Population growth (annual %),SP.POP.GROW,0.150692216122692
Barbados,BRB,"International tourism, expenditures (% of total imports)",ST.INT.XPND.MP.ZS,..
Barbados,BRB,Population density (people per sq. km of land area),EN.POP.DNST,665.648837209302
Barbados,BRB,Net migration,SM.POP.NETM,-397
Belarus,BLR,Population growth (annual %),SP.POP.GROW,-0.0344214189254713
Belarus,BLR,"International tourism, expenditures (% of total imports)",ST.INT.XPND.MP.ZS,2.96476532594608
Belarus,BLR,Population density (people per sq. km of land area),EN.POP.DNST,46.7917828464456
Belarus,BLR,Net migration,SM.POP.NETM,43648
Belgium,BEL,Population growth (annual %),SP.POP.GROW,0.385228018372369
Belgium,BEL,"International tourism, expenditures (% of total imports)",ST.INT.XPND.MP.ZS,4.31947298125167
Belgium,BEL,Population density (people per sq. km of land area),EN.POP.DNST,375.66571994716
Belgium,BEL,Net migration,SM.POP.NETM,240000
Belize,BLZ,Population growth (annual %),SP.POP.GROW,1.98239700826474
Belize,BLZ,"International tourism, expenditures (% of total imports)",ST.INT.XPND.MP.ZS,4.87183260421219
Belize,BLZ,Population density (people per sq. km of land area),EN.POP.DNST,16.4741341516879
Belize,BLZ,Net migration,SM.POP.NETM,6000
Benin,BEN,Population growth (annual %),SP.POP.GROW,2.74990222166209
Benin,BEN,"International tourism, expenditures (% of total imports)",ST.INT.XPND.MP.ZS,3.68356627451522
Benin,BEN,Population density (people per sq. km of land area),EN.POP.DNST,99.1059950336999
Benin,BEN,Net migration,SM.POP.NETM,-10000
Bermuda,BMU,Population growth (annual %),SP.POP.GROW,-1.0605345960762
Bermuda,BMU,"International tourism, expenditures (% of total imports)",ST.INT.XPND.MP.ZS,18.0496791000126
Bermuda,BMU,Population density (people per sq. km of land area),EN.POP.DNST,1182.83333333333
Bermuda,BMU,Net migration,SM.POP.NETM,..
Bhutan,BTN,Population growth (annual %),SP.POP.GROW,1.19507395930716
Bhutan,BTN,"International tourism, expenditures (% of total imports)",ST.INT.XPND.MP.ZS,5.10155120881141
Bhutan,BTN,Population density (people per sq. km of land area),EN.POP.DNST,19.5460098573826
Bhutan,BTN,Net migration,SM.POP.NETM,1600
Bolivia,BOL,Population growth (annual %),SP.POP.GROW,1.449144413215
Bolivia,BOL,"International tourism, expenditures (% of total imports)",ST.INT.XPND.MP.ZS,8.4764424845446
Bolivia,BOL,Population density (people per sq. km of land area),EN.POP.DNST,10.3321822209914
Bolivia,BOL,Net migration,SM.POP.NETM,-47520
Bosnia and Herzegovina,BIH,Population growth (annual %),SP.POP.GROW,-1.03088019890592
Bosnia and Herzegovina,BIH,"International tourism, expenditures (% of total imports)",ST.INT.XPND.MP.ZS,3.33563417370369
Bosnia and Herzegovina,BIH,Population density (people per sq. km of land area),EN.POP.DNST,65.4596484375
Bosnia and Herzegovina,BIH,Net migration,SM.POP.NETM,-107926
Botswana,BWA,Population growth (annual %),SP.POP.GROW,2.06884765539921
Botswana,BWA,"International tourism, expenditures (% of total imports)",ST.INT.XPND.MP.ZS,3.60239015470652
Botswana,BWA,Population density (people per sq. km of land area),EN.POP.DNST,3.89087572565419
Botswana,BWA,Net migration,SM.POP.NETM,14999
Brazil,BRA,Population growth (annual %),SP.POP.GROW,0.807145245445964
Brazil,BRA,"International tourism, expenditures (% of total imports)",ST.INT.XPND.MP.ZS,9.84804690416037
Brazil,BRA,Population density (people per sq. km of land area),EN.POP.DNST,24.8660377787402
Brazil,BRA,Net migration,SM.POP.NETM,106000
British Virgin Islands,VGB,Population growth (annual %),SP.POP.GROW,0.719598502488329
British Virgin Islands,VGB,"International tourism, expenditures (% of total imports)",ST.INT.XPND.MP.ZS,..
British Virgin Islands,VGB,Population density (people per sq. km of land area),EN.POP.DNST,197.113333333333
British Virgin Islands,VGB,Net migration,SM.POP.NETM,..
Brunei Darussalam,BRN,Population growth (annual %),SP.POP.GROW,1.11102778339034
Brunei Darussalam,BRN,"International tourism, expenditures (% of total imports)",ST.INT.XPND.MP.ZS,11.6652894638074
Brunei Darussalam,BRN,Population density (people per sq. km of land area),EN.POP.DNST,80.546679316888
Brunei Darussalam,BRN,Net migration,SM.POP.NETM,0
Bulgaria,BGR,Population growth (annual %),SP.POP.GROW,-0.730443175298289
Bulgaria,BGR,"International tourism, expenditures (% of total imports)",ST.INT.XPND.MP.ZS,5.49316668312559
Bulgaria,BGR,Population density (people per sq. km of land area),EN.POP.DNST,65.1800571112749
Bulgaria,BGR,Net migration,SM.POP.NETM,-24001
Burkina Faso,BFA,Population growth (annual %),SP.POP.GROW,2.89075088175118
Burkina Faso,BFA,"International tourism, expenditures (% of total imports)",ST.INT.XPND.MP.ZS,3.93140018409549
Burkina Faso,BFA,Population density (people per sq. km of land area),EN.POP.DNST,70.150716374269
Burkina Faso,BFA,Net migration,SM.POP.NETM,-125000
Burundi,BDI,Population growth (annual %),SP.POP.GROW,3.18120007897113
Burundi,BDI,"International tourism, expenditures (% of total imports)",ST.INT.XPND.MP.ZS,..
Burundi,BDI,Population density (people per sq. km of land area),EN.POP.DNST,421.61253894081
Burundi,BDI,Net migration,SM.POP.NETM,10003
Cabo Verde,CPV,Population growth (annual %),SP.POP.GROW,1.19012595595116
Cabo Verde,CPV,"International tourism, expenditures (% of total imports)",ST.INT.XPND.MP.ZS,8.47759460588624
Cabo Verde,CPV,Population density (people per sq. km of land area),EN.POP.DNST,133.374441687345
Cabo Verde,CPV,Net migration,SM.POP.NETM,-6709
Cambodia,KHM,Population growth (annual %),SP.POP.GROW,1.53027452708458
Cambodia,KHM,"International tourism, expenditures (% of total imports)",ST.INT.XPND.MP.ZS,5.03653374714765
Cambodia,KHM,Population density (people per sq. km of land area),EN.POP.DNST,90.6946125084976
Cambodia,KHM,Net migration,SM.POP.NETM,-149999
Cameroon,CMR,Population growth (annual %),SP.POP.GROW,2.63775433447287
Cameroon,CMR,"International tourism, expenditures (% of total imports)",ST.INT.XPND.MP.ZS,11.6211888962897
Cameroon,CMR,Population density (people per sq. km of land area),EN.POP.DNST,51.96858539062
Cameroon,CMR,Net migration,SM.POP.NETM,-24000
Canada,CAN,Population growth (annual %),SP.POP.GROW,1.19968215419992
Canada,CAN,"International tourism, expenditures (% of total imports)",ST.INT.XPND.MP.ZS,..
Canada,CAN,Population density (people per sq. km of land area),EN.POP.DNST,4.07617290105838
Canada,CAN,Net migration,SM.POP.NETM,1210159
Cayman Islands,CYM,Population growth (annual %),SP.POP.GROW,1.29898766487121
Cayman Islands,CYM,"International tourism, expenditures (% of total imports)",ST.INT.XPND.MP.ZS,..
Cayman Islands,CYM,Population density (people per sq. km of land area),EN.POP.DNST,264.091666666667
Cayman Islands,CYM,Net migration,SM.POP.NETM,..
Central African Republic,CAF,Population growth (annual %),SP.POP.GROW,1.2774834969372
Central African Republic,CAF,"International tourism, expenditures (% of total imports)",ST.INT.XPND.MP.ZS,..
Central African Republic,CAF,Population density (people per sq. km of land area),EN.POP.DNST,7.37748081800379
Central African Republic,CAF,Net migration,SM.POP.NETM,-200000
Chad,TCD,Population growth (annual %),SP.POP.GROW,3.07750673636919
Chad,TCD,"International tourism, expenditures (% of total imports)",ST.INT.XPND.MP.ZS,..
Chad,TCD,Population density (people per sq. km of land area),EN.POP.DNST,11.9256361181703
Chad,TCD,Net migration,SM.POP.NETM,10000
Channel Islands,CHI,Population growth (annual %),SP.POP.GROW,1.03937906031209
Channel Islands,CHI,"International tourism, expenditures (% of total imports)",ST.INT.XPND.MP.ZS,..
Channel Islands,CHI,Population density (people per sq. km of land area),EN.POP.DNST,851.848484848485
Channel Islands,CHI,Net migration,SM.POP.NETM,6754
Chile,CHL,Population growth (annual %),SP.POP.GROW,1.42514142087535
Chile,CHL,"International tourism, expenditures (% of total imports)",ST.INT.XPND.MP.ZS,4.1193301356848
Chile,CHL,Population density (people per sq. km of land area),EN.POP.DNST,24.8414795866217
Chile,CHL,Net migration,SM.POP.NETM,558539
China,CHN,Population growth (annual %),SP.POP.GROW,0.559121331017265
China,CHN,"International tourism, expenditures (% of total imports)",ST.INT.XPND.MP.ZS,..
China,CHN,Population density (people per sq. km of land area),EN.POP.DNST,147.102282546731
China,CHN,Net migration,SM.POP.NETM,-1741996
Colombia,COL,Population growth (annual %),SP.POP.GROW,1.51374743470421
Colombia,COL,"International tourism, expenditures (% of total imports)",ST.INT.XPND.MP.ZS,8.81412741556168
Colombia,COL,Population density (people per sq. km of land area),EN.POP.DNST,44.0827796304642
Colombia,COL,Net migration,SM.POP.NETM,1023981
Comoros,COM,Population growth (annual %),SP.POP.GROW,2.27324455021872
Comoros,COM,"International tourism, expenditures (% of total imports)",ST.INT.XPND.MP.ZS,13.7569470634362
Comoros,COM,Population density (people per sq. km of land area),EN.POP.DNST,437.340139709833
Comoros,COM,Net migration,SM.POP.NETM,-10000
"Congo, Dem. Rep.",COD,Population growth (annual %),SP.POP.GROW,3.25850577170009
"Congo, Dem. Rep.",COD,"International tourism, expenditures (% of total imports)",ST.INT.XPND.MP.ZS,0.520567173320126
"Congo, Dem. Rep.",COD,Population density (people per sq. km of land area),EN.POP.DNST,35.9051476588518
"Congo, Dem. Rep.",COD,Net migration,SM.POP.NETM,119303
"Congo, Rep.",COG,Population growth (annual %),SP.POP.GROW,2.57067057638817
"Congo, Rep.",COG,"International tourism, expenditures (% of total imports)",ST.INT.XPND.MP.ZS,..
"Congo, Rep.",COG,Population density (people per sq. km of land area),EN.POP.DNST,14.9654494875549
"Congo, Rep.",COG,Net migration,SM.POP.NETM,-20000
Costa Rica,CRI,Population growth (annual %),SP.POP.GROW,1.02787999000234
Costa Rica,CRI,"International tourism, expenditures (% of total imports)",ST.INT.XPND.MP.ZS,6.9523909303104
Costa Rica,CRI,Population density (people per sq. km of land area),EN.POP.DNST,96.9438895417156
Costa Rica,CRI,Net migration,SM.POP.NETM,21000
Cote d'Ivoire,CIV,Population growth (annual %),SP.POP.GROW,2.54778157022741
Cote d'Ivoire,CIV,"International tourism, expenditures (% of total imports)",ST.INT.XPND.MP.ZS,4.75992847176845
Cote d'Ivoire,CIV,Population density (people per sq. km of land area),EN.POP.DNST,76.8474056603774
Cote d'Ivoire,CIV,Net migration,SM.POP.NETM,-40000
Croatia,HRV,Population growth (annual %),SP.POP.GROW,-1.20061016480925
Croatia,HRV,"International tourism, expenditures (% of total imports)",ST.INT.XPND.MP.ZS,5.10321785406805
Croatia,HRV,Population density (people per sq. km of land area),EN.POP.DNST,72.8844495493904
Croatia,HRV,Net migration,SM.POP.NETM,-40004
Cuba,CUB,Population growth (annual %),SP.POP.GROW,0.036578756776887
Cuba,CUB,"International tourism, expenditures (% of total imports)",ST.INT.XPND.MP.ZS,..
Cuba,CUB,Population density (people per sq. km of land area),EN.POP.DNST,109.241377649326
Cuba,CUB,Net migration,SM.POP.NETM,-72000
Curacao,CUW,Population growth (annual %),SP.POP.GROW,0.319536038312865
Curacao,CUW,"International tourism, expenditures (% of total imports)",ST.INT.XPND.MP.ZS,18.3740432474079
Curacao,CUW,Population density (people per sq. km of land area),EN.POP.DNST,360.754504504504
Curacao,CUW,Net migration,SM.POP.NETM,2573
Cyprus,CYP,Population growth (annual %),SP.POP.GROW,0.808217946249284
Cyprus,CYP,"International tourism, expenditures (% of total imports)",ST.INT.XPND.MP.ZS,8.17174297532342
Cyprus,CYP,Population density (people per sq. km of land area),EN.POP.DNST,127.671536796537
Cyprus,CYP,Net migration,SM.POP.NETM,25000
Czech Republic,CZE,Population growth (annual %),SP.POP.GROW,0.265642663548985
Czech Republic,CZE,"International tourism, expenditures (% of total imports)",ST.INT.XPND.MP.ZS,3.52465628041367
Czech Republic,CZE,Population density (people per sq. km of land area),EN.POP.DNST,137.21587877218
Czech Republic,CZE,Net migration,SM.POP.NETM,110057
Denmark,DNK,Population growth (annual %),SP.POP.GROW,0.643350903737356
Denmark,DNK,"International tourism, expenditures (% of total imports)",ST.INT.XPND.MP.ZS,6.14682653886283
Denmark,DNK,Population density (people per sq. km of land area),EN.POP.DNST,144.1245
Denmark,DNK,Net migration,SM.POP.NETM,75998
Djibouti,DJI,Population growth (annual %),SP.POP.GROW,1.59974199816625
Djibouti,DJI,"International tourism, expenditures (% of total imports)",ST.INT.XPND.MP.ZS,..
Djibouti,DJI,Population density (people per sq. km of land area),EN.POP.DNST,40.7290767903365
Djibouti,DJI,Net migration,SM.POP.NETM,4501
Dominica,DMA,Population growth (annual %),SP.POP.GROW,0.214335327593936
Dominica,DMA,"International tourism, expenditures (% of total imports)",ST.INT.XPND.MP.ZS,9.31476617367494
Dominica,DMA,Population density (people per sq. km of land area),EN.POP.DNST,95.28
Dominica,DMA,Net migration,SM.POP.NETM,..
Dominican Republic,DOM,Population growth (annual %),SP.POP.GROW,1.10348624035038
Dominican Republic,DOM,"International tourism, expenditures (% of total imports)",ST.INT.XPND.MP.ZS,4.46740458051546
Dominican Republic,DOM,Population density (people per sq. km of land area),EN.POP.DNST,217.617698199131
Dominican Republic,DOM,Net migration,SM.POP.NETM,-150000
Ecuador,ECU,Population growth (annual %),SP.POP.GROW,1.76850279585209
Ecuador,ECU,"International tourism, expenditures (% of total imports)",ST.INT.XPND.MP.ZS,6.35505548423046
Ecuador,ECU,Population density (people per sq. km of land area),EN.POP.DNST,67.5847801578354
Ecuador,ECU,Net migration,SM.POP.NETM,182000
"Egypt, Arab Rep.",EGY,Population growth (annual %),SP.POP.GROW,2.09083266789985
"Egypt, Arab Rep.",EGY,"International tourism, expenditures (% of total imports)",ST.INT.XPND.MP.ZS,3.44468636835502
"Egypt, Arab Rep.",EGY,Population density (people per sq. km of land area),EN.POP.DNST,96.8834095132854
"Egypt, Arab Rep.",EGY,Net migration,SM.POP.NETM,-190164
El Salvador,SLV,Population growth (annual %),SP.POP.GROW,0.501983868180685
El Salvador,SLV,"International tourism, expenditures (% of total imports)",ST.INT.XPND.MP.ZS,4.11073220726204
El Salvador,SLV,Population density (people per sq. km of land area),EN.POP.DNST,308.307142857143
El Salvador,SLV,Net migration,SM.POP.NETM,-202694
Equatorial Guinea,GNQ,Population growth (annual %),SP.POP.GROW,3.78110663523236
Equatorial Guinea,GNQ,"International tourism, expenditures (% of total imports)",ST.INT.XPND.MP.ZS,..
Equatorial Guinea,GNQ,Population density (people per sq. km of land area),EN.POP.DNST,44.9913725490196
Equatorial Guinea,GNQ,Net migration,SM.POP.NETM,79998
Eritrea,ERI,Population growth (annual %),SP.POP.GROW,..
Eritrea,ERI,"International tourism, expenditures (% of total imports)",ST.INT.XPND.MP.ZS,..
Eritrea,ERI,Population density (people per sq. km of land area),EN.POP.DNST,33.7910297029703
Eritrea,ERI,Net migration,SM.POP.NETM,-199290
Estonia,EST,Population growth (annual %),SP.POP.GROW,0.121070631466687
Estonia,EST,"International tourism, expenditures (% of total imports)",ST.INT.XPND.MP.ZS,7.22721093983507
Estonia,EST,Population density (people per sq. km of land area),EN.POP.DNST,30.3055900621118
Estonia,EST,Net migration,SM.POP.NETM,19555
Eswatini,SWZ,Population growth (annual %),SP.POP.GROW,0.966059893032549
Eswatini,SWZ,"International tourism, expenditures (% of total imports)",ST.INT.XPND.MP.ZS,3.79916937812635
Eswatini,SWZ,Population density (people per sq. km of land area),EN.POP.DNST,65.3958139534884
Eswatini,SWZ,Net migration,SM.POP.NETM,-41764
Ethiopia,ETH,Population growth (annual %),SP.POP.GROW,2.66341448153029
Ethiopia,ETH,"International tourism, expenditures (% of total imports)",ST.INT.XPND.MP.ZS,1.88240185588797
Ethiopia,ETH,Population density (people per sq. km of land area),EN.POP.DNST,94.21926014294
Ethiopia,ETH,Net migration,SM.POP.NETM,150002
Faroe Islands,FRO,Population growth (annual %),SP.POP.GROW,0.31710199733865
Faroe Islands,FRO,"International tourism, expenditures (% of total imports)",ST.INT.XPND.MP.ZS,..
Faroe Islands,FRO,Population density (people per sq. km of land area),EN.POP.DNST,34.6174785100287
Faroe Islands,FRO,Net migration,SM.POP.NETM,..
Fiji,FJI,Population growth (annual %),SP.POP.GROW,0.577645837253693
Fiji,FJI,"International tourism, expenditures (% of total imports)",ST.INT.XPND.MP.ZS,5.05694956939661
Fiji,FJI,Population density (people per sq. km of land area),EN.POP.DNST,48.0273672687466
Fiji,FJI,Net migration,SM.POP.NETM,-31008
Finland,FIN,Population growth (annual %),SP.POP.GROW,0.234670531705453
Finland,FIN,"International tourism, expenditures (% of total imports)",ST.INT.XPND.MP.ZS,7.02409259526876
Finland,FIN,Population density (people per sq. km of land area),EN.POP.DNST,18.1238944459068
Finland,FIN,Net migration,SM.POP.NETM,70000
France,FRA,Population growth (annual %),SP.POP.GROW,0.29020211635109
France,FRA,"International tourism, expenditures (% of total imports)",ST.INT.XPND.MP.ZS,6.26744078875136
France,FRA,Population density (people per sq. km of land area),EN.POP.DNST,122.211970625889
France,FRA,Net migration,SM.POP.NETM,182636
French Polynesia,PYF,Population growth (annual %),SP.POP.GROW,0.556400386544863
French Polynesia,PYF,"International tourism, expenditures (% of total imports)",ST.INT.XPND.MP.ZS,..
French Polynesia,PYF,Population density (people per sq. km of land area),EN.POP.DNST,75.4393442622951
French Polynesia,PYF,Net migration,SM.POP.NETM,-5000
Gabon,GAB,Population growth (annual %),SP.POP.GROW,2.79587459437534
Gabon,GAB,"International tourism, expenditures (% of total imports)",ST.INT.XPND.MP.ZS,..
Gabon,GAB,Population density (people per sq. km of land area),EN.POP.DNST,8.01339698063414
Gabon,GAB,Net migration,SM.POP.NETM,16301
"Gambia, The",GMB,Population growth (annual %),SP.POP.GROW,2.96906958481079
"Gambia, The",GMB,"International tourism, expenditures (% of total imports)",ST.INT.XPND.MP.ZS,8.30128785750296
"Gambia, The",GMB,Population density (people per sq. km of land area),EN.POP.DNST,218.764822134387
"Gambia, The",GMB,Net migration,SM.POP.NETM,-15436
Georgia,GEO,Population growth (annual %),SP.POP.GROW,0.0133860746662629
Georgia,GEO,"International tourism, expenditures (% of total imports)",ST.INT.XPND.MP.ZS,9.12796296054006
Georgia,GEO,Population density (people per sq. km of land area),EN.POP.DNST,65.2227859617201
Georgia,GEO,Net migration,SM.POP.NETM,-50000
Germany,DEU,Population growth (annual %),SP.POP.GROW,0.373724559895838
Germany,DEU,"International tourism, expenditures (% of total imports)",ST.INT.XPND.MP.ZS,6.56105878484349
Germany,DEU,Population density (people per sq. km of land area),EN.POP.DNST,236.588722557747
Germany,DEU,Net migration,SM.POP.NETM,2719112
Ghana,GHA,Population growth (annual %),SP.POP.GROW,2.22050488189039
Ghana,GHA,"International tourism, expenditures (% of total imports)",ST.INT.XPND.MP.ZS,7.14648301275112
Ghana,GHA,Population density (people per sq. km of land area),EN.POP.DNST,127.983932495385
Ghana,GHA,Net migration,SM.POP.NETM,-50000
Gibraltar,GIB,Population growth (annual %),SP.POP.GROW,-0.0444701390350008
Gibraltar,GIB,"International tourism, expenditures (% of total imports)",ST.INT.XPND.MP.ZS,..
Gibraltar,GIB,Population density (people per sq. km of land area),EN.POP.DNST,3372.3
Gibraltar,GIB,Net migration,SM.POP.NETM,..
Greece,GRC,Population growth (annual %),SP.POP.GROW,-0.197783224759792
Greece,GRC,"International tourism, expenditures (% of total imports)",ST.INT.XPND.MP.ZS,4.60696749784221
Greece,GRC,Population density (people per sq. km of land area),EN.POP.DNST,83.4342823894492
Greece,GRC,Net migration,SM.POP.NETM,-80000
Greenland,GRL,Population growth (annual %),SP.POP.GROW,-0.0249203440297217
Greenland,GRL,"International tourism, expenditures (% of total imports)",ST.INT.XPND.MP.ZS,..
Greenland,GRL,Population density (people per sq. km of land area),EN.POP.DNST,0.136854671701791
Greenland,GRL,Net migration,SM.POP.NETM,..
Grenada,GRD,Population growth (annual %),SP.POP.GROW,0.552600021547813
Grenada,GRD,"International tourism, expenditures (% of total imports)",ST.INT.XPND.MP.ZS,6.34699120364703
Grenada,GRD,Population density (people per sq. km of land area),EN.POP.DNST,326.1
Grenada,GRD,Net migration,SM.POP.NETM,-1000
Guam,GUM,Population growth (annual %),SP.POP.GROW,0.814724473342243
Guam,GUM,"International tourism, expenditures (% of total imports)",ST.INT.XPND.MP.ZS,..
Guam,GUM,Population density (people per sq. km of land area),EN.POP.DNST,304.224074074074
Guam,GUM,Net migration,SM.POP.NETM,-2532
Guatemala,GTM,Population growth (annual %),SP.POP.GROW,1.62765379973835
Guatemala,GTM,"International tourism, expenditures (% of total imports)",ST.INT.XPND.MP.ZS,5.39729068381948
Guatemala,GTM,Population density (people per sq. km of land area),EN.POP.DNST,150.125214632325
Guatemala,GTM,Net migration,SM.POP.NETM,-46073
Guinea,GIN,Population growth (annual %),SP.POP.GROW,2.764879904347
Guinea,GIN,"International tourism, expenditures (% of total imports)",ST.INT.XPND.MP.ZS,2.41512855195779
Guinea,GIN,Population density (people per sq. km of land area),EN.POP.DNST,49.1108416083347
Guinea,GIN,Net migration,SM.POP.NETM,-20000
Guinea-Bissau,GNB,Population growth (annual %),SP.POP.GROW,2.53224925787499
Guinea-Bissau,GNB,"International tourism, expenditures (% of total imports)",ST.INT.XPND.MP.ZS,..
Guinea-Bissau,GNB,Population density (people per sq. km of land area),EN.POP.DNST,65.0123044096728
Guinea-Bissau,GNB,Net migration,SM.POP.NETM,-6996
Guyana,GUY,Population growth (annual %),SP.POP.GROW,0.498520023687447
Guyana,GUY,"International tourism, expenditures (% of total imports)",ST.INT.XPND.MP.ZS,..
Guyana,GUY,Population density (people per sq. km of land area),EN.POP.DNST,3.93811531623063
Guyana,GUY,Net migration,SM.POP.NETM,-30001
Haiti,HTI,Population growth (annual %),SP.POP.GROW,1.3050204632281
Haiti,HTI,"International tourism, expenditures (% of total imports)",ST.INT.XPND.MP.ZS,10.3701419527089
Haiti,HTI,Population density (people per sq. km of land area),EN.POP.DNST,398.489368650218
Haiti,HTI,Net migration,SM.POP.NETM,-175000
Honduras,HND,Population growth (annual %),SP.POP.GROW,1.69227148219463
Honduras,HND,"International tourism, expenditures (% of total imports)",ST.INT.XPND.MP.ZS,4.76351503479038
Honduras,HND,Population density (people per sq. km of land area),EN.POP.DNST,84.2704084368576
Honduras,HND,Net migration,SM.POP.NETM,-34000
"Hong Kong SAR, China",HKG,Population growth (annual %),SP.POP.GROW,0.748222904999017
"Hong Kong SAR, China",HKG,"International tourism, expenditures (% of total imports)",ST.INT.XPND.MP.ZS,3.95990371867227
"Hong Kong SAR, China",HKG,Population density (people per sq. km of land area),EN.POP.DNST,7039.71428571429
"Hong Kong SAR, China",HKG,Net migration,SM.POP.NETM,146542
Hungary,HUN,Population growth (annual %),SP.POP.GROW,-0.265860932255517
Hungary,HUN,"International tourism, expenditures (% of total imports)",ST.INT.XPND.MP.ZS,2.68685015777433
Hungary,HUN,Population density (people per sq. km of land area),EN.POP.DNST,107.253626999781
Hungary,HUN,Net migration,SM.POP.NETM,29999
Iceland,ISL,Population growth (annual %),SP.POP.GROW,2.34558267643862
Iceland,ISL,"International tourism, expenditures (% of total imports)",ST.INT.XPND.MP.ZS,..
Iceland,ISL,Population density (people per sq. km of land area),EN.POP.DNST,3.42543640897756
Iceland,ISL,Net migration,SM.POP.NETM,1900
India,IND,Population growth (annual %),SP.POP.GROW,1.06335942989132
India,IND,"International tourism, expenditures (% of total imports)",ST.INT.XPND.MP.ZS,3.89165109332806
India,IND,Population density (people per sq. km of land area),EN.POP.DNST,450.24932109956
India,IND,Net migration,SM.POP.NETM,-2663434
Indonesia,IDN,Population growth (annual %),SP.POP.GROW,1.17619742367279
Indonesia,IDN,"International tourism, expenditures (% of total imports)",ST.INT.XPND.MP.ZS,5.98822379714594
Indonesia,IDN,Population density (people per sq. km of land area),EN.POP.DNST,140.957811345717
Indonesia,IDN,Net migration,SM.POP.NETM,-494777
"Iran, Islamic Rep.",IRN,Population growth (annual %),SP.POP.GROW,1.38533380166753
"Iran, Islamic Rep.",IRN,"International tourism, expenditures (% of total imports)",ST.INT.XPND.MP.ZS,..
"Iran, Islamic Rep.",IRN,Population density (people per sq. km of land area),EN.POP.DNST,49.5308627422088
"Iran, Islamic Rep.",IRN,Net migration,SM.POP.NETM,-274998
Iraq,IRQ,Population growth (annual %),SP.POP.GROW,2.54089597268518
Iraq,IRQ,"International tourism, expenditures (% of total imports)",ST.INT.XPND.MP.ZS,16.7023015453705
Iraq,IRQ,Population density (people per sq. km of land area),EN.POP.DNST,86.5016515866288
Iraq,IRQ,Net migration,SM.POP.NETM,39171
Ireland,IRL,Population growth (annual %),SP.POP.GROW,1.08867556062
Ireland,IRL,"International tourism, expenditures (% of total imports)",ST.INT.XPND.MP.ZS,1.99649466417209
Ireland,IRL,Population density (people per sq. km of land area),EN.POP.DNST,69.7835389751778
Ireland,IRL,Net migration,SM.POP.NETM,118020
Isle of Man,IMN,Population growth (annual %),SP.POP.GROW,0.376260134981162
Isle of Man,IMN,"International tourism, expenditures (% of total imports)",ST.INT.XPND.MP.ZS,..
Isle of Man,IMN,Population density (people per sq. km of land area),EN.POP.DNST,146.684210526316
Isle of Man,IMN,Net migration,SM.POP.NETM,..
Israel,ISR,Population growth (annual %),SP.POP.GROW,1.93872567441099
Israel,ISR,"International tourism, expenditures (% of total imports)",ST.INT.XPND.MP.ZS,9.21473249585414
Israel,ISR,Population density (people per sq. km of land area),EN.POP.DNST,402.647874306839
Israel,ISR,Net migration,SM.POP.NETM,50002
Italy,ITA,Population growth (annual %),SP.POP.GROW,-0.14986111697397
Italy,ITA,"International tourism, expenditures (% of total imports)",ST.INT.XPND.MP.ZS,6.37387512532733
Italy,ITA,Population density (people per sq. km of land area),EN.POP.DNST,205.809169103148
Italy,ITA,Net migration,SM.POP.NETM,744713
Jamaica,JAM,Population growth (annual %),SP.POP.GROW,0.501314741642566
Jamaica,JAM,"International tourism, expenditures (% of total imports)",ST.INT.XPND.MP.ZS,6.29637432054172
Jamaica,JAM,Population density (people per sq. km of land area),EN.POP.DNST,269.69972299169
Jamaica,JAM,Net migration,SM.POP.NETM,-56658
Japan,JPN,Population growth (annual %),SP.POP.GROW,-0.164484036370785
Japan,JPN,"International tourism, expenditures (% of total imports)",ST.INT.XPND.MP.ZS,3.07610645439463
Japan,JPN,Population density (people per sq. km of land area),EN.POP.DNST,347.834834019204
Japan,JPN,Net migration,SM.POP.NETM,357800
Jordan,JOR,Population growth (annual %),SP.POP.GROW,2.39465932202378
Jordan,JOR,"International tourism, expenditures (% of total imports)",ST.INT.XPND.MP.ZS,6.49428625583144
Jordan,JOR,Population density (people per sq. km of land area),EN.POP.DNST,110.225726514981
Jordan,JOR,Net migration,SM.POP.NETM,51099
Kazakhstan,KAZ,Population growth (annual %),SP.POP.GROW,1.36038126908993
Kazakhstan,KAZ,"International tourism, expenditures (% of total imports)",ST.INT.XPND.MP.ZS,6.62881174478192
Kazakhstan,KAZ,Population density (people per sq. km of land area),EN.POP.DNST,6.68140015557284
Kazakhstan,KAZ,Net migration,SM.POP.NETM,-90000
Kenya,KEN,Population growth (annual %),SP.POP.GROW,2.3564774490698
Kenya,KEN,"International tourism, expenditures (% of total imports)",ST.INT.XPND.MP.ZS,..
Kenya,KEN,Population density (people per sq. km of land area),EN.POP.DNST,88.2404083353832
Kenya,KEN,Net migration,SM.POP.NETM,-50000
Kiribati,KIR,Population growth (annual %),SP.POP.GROW,1.43286876361253
Kiribati,KIR,"International tourism, expenditures (% of total imports)",ST.INT.XPND.MP.ZS,12.5867979923398
Kiribati,KIR,Population density (people per sq. km of land area),EN.POP.DNST,140.92962962963
Kiribati,KIR,Net migration,SM.POP.NETM,-3999
"Korea, Dem. People's Rep.",PRK,Population growth (annual %),SP.POP.GROW,0.481502958338939
"Korea, Dem. People's Rep.",PRK,"International tourism, expenditures (% of total imports)",ST.INT.XPND.MP.ZS,..
"Korea, Dem. People's Rep.",PRK,Population density (people per sq. km of land area),EN.POP.DNST,211.193555352545
"Korea, Dem. People's Rep.",PRK,Net migration,SM.POP.NETM,-27013
"Korea, Rep.",KOR,Population growth (annual %),SP.POP.GROW,0.280968018301691
"Korea, Rep.",KOR,"International tourism, expenditures (% of total imports)",ST.INT.XPND.MP.ZS,5.80845370846327
"Korea, Rep.",KOR,Population density (people per sq. km of land area),EN.POP.DNST,526.734806686494
"Korea, Rep.",KOR,Net migration,SM.POP.NETM,58657
Kosovo,XKX,Population growth (annual %),SP.POP.GROW,0.753584842739213
Kosovo,XKX,"International tourism, expenditures (% of total imports)",ST.INT.XPND.MP.ZS,..
Kosovo,XKX,Population density (people per sq. km of land area),EN.POP.DNST,164.508404519151
Kosovo,XKX,Net migration,SM.POP.NETM,..
Kuwait,KWT,Population growth (annual %),SP.POP.GROW,2.47711270117599
Kuwait,KWT,"International tourism, expenditures (% of total imports)",ST.INT.XPND.MP.ZS,23.7705737348219
Kuwait,KWT,Population density (people per sq. km of land area),EN.POP.DNST,227.615151515152
Kuwait,KWT,Net migration,SM.POP.NETM,197600
Kyrgyz Republic,KGZ,Population growth (annual %),SP.POP.GROW,1.93364715643057
Kyrgyz Republic,KGZ,"International tourism, expenditures (% of total imports)",ST.INT.XPND.MP.ZS,8.31490585541971
Kyrgyz Republic,KGZ,Population density (people per sq. km of land area),EN.POP.DNST,32.3159541188738
Kyrgyz Republic,KGZ,Net migration,SM.POP.NETM,-20000
Lao PDR,LAO,Population growth (annual %),SP.POP.GROW,1.5535342498681
Lao PDR,LAO,"International tourism, expenditures (% of total imports)",ST.INT.XPND.MP.ZS,13.7093934964249
Lao PDR,LAO,Population density (people per sq. km of land area),EN.POP.DNST,30.1257842287695
Lao PDR,LAO,Net migration,SM.POP.NETM,-73518
Latvia,LVA,Population growth (annual %),SP.POP.GROW,-0.886215573292392
Latvia,LVA,"International tourism, expenditures (% of total imports)",ST.INT.XPND.MP.ZS,..
Latvia,LVA,Population density (people per sq. km of land area),EN.POP.DNST,31.2710996618902
Latvia,LVA,Net migration,SM.POP.NETM,-74186
Lebanon,LBN,Population growth (annual %),SP.POP.GROW,1.55307816183349
Lebanon,LBN,"International tourism, expenditures (% of total imports)",ST.INT.XPND.MP.ZS,17.786037595921
Lebanon,LBN,Population density (people per sq. km of land area),EN.POP.DNST,666.605376344086
Lebanon,LBN,Net migration,SM.POP.NETM,-150060
Lesotho,LSO,Population growth (annual %),SP.POP.GROW,0.791589928337923
Lesotho,LSO,"International tourism, expenditures (% of total imports)",ST.INT.XPND.MP.ZS,13.4597061053832
Lesotho,LSO,Population density (people per sq. km of land area),EN.POP.DNST,68.8910408432148
Lesotho,LSO,Net migration,SM.POP.NETM,-50234
Liberia,LBR,Population growth (annual %),SP.POP.GROW,2.48555913100141
Liberia,LBR,"International tourism, expenditures (% of total imports)",ST.INT.XPND.MP.ZS,..
Liberia,LBR,Population density (people per sq. km of land area),EN.POP.DNST,48.8187707641196
Liberia,LBR,Net migration,SM.POP.NETM,-25000
Libya,LBY,Population growth (annual %),SP.POP.GROW,1.35493226540367
Libya,LBY,"International tourism, expenditures (% of total imports)",ST.INT.XPND.MP.ZS,13.2653196247337
Libya,LBY,Population density (people per sq. km of land area),EN.POP.DNST,3.74002466553758
Libya,LBY,Net migration,SM.POP.NETM,-9997
Liechtenstein,LIE,Population growth (annual %),SP.POP.GROW,0.397562145691811
Liechtenstein,LIE,"International tourism, expenditures (% of total imports)",ST.INT.XPND.MP.ZS,..
Liechtenstein,LIE,Population density (people per sq. km of land area),EN.POP.DNST,236.28125
Liechtenstein,LIE,Net migration,SM.POP.NETM,..
Lithuania,LTU,Population growth (annual %),SP.POP.GROW,-1.39832220092102
Lithuania,LTU,"International tourism, expenditures (% of total imports)",ST.INT.XPND.MP.ZS,..
Lithuania,LTU,Population density (people per sq. km of land area),EN.POP.DNST,45.1525837710126
Lithuania,LTU,Net migration,SM.POP.NETM,-163902
Luxembourg,LUX,Population growth (annual %),SP.POP.GROW,2.43097641776115
Luxembourg,LUX,"International tourism, expenditures (% of total imports)",ST.INT.XPND.MP.ZS,2.85857921363958
Luxembourg,LUX,Population density (people per sq. km of land area),EN.POP.DNST,245.405761316872
Luxembourg,LUX,Net migration,SM.POP.NETM,48704
"Macao SAR, China",MAC,Population growth (annual %),SP.POP.GROW,1.57911395438072
"Macao SAR, China",MAC,"International tourism, expenditures (% of total imports)",ST.INT.XPND.MP.ZS,8.03939793705155
"Macao SAR, China",MAC,Population density (people per sq. km of land area),EN.POP.DNST,20213.5714285714
"Macao SAR, China",MAC,Net migration,SM.POP.NETM,25000
Madagascar,MDG,Population growth (annual %),SP.POP.GROW,2.67980999725449
Madagascar,MDG,"International tourism, expenditures (% of total imports)",ST.INT.XPND.MP.ZS,7.10295415407371
Madagascar,MDG,Population density (people per sq. km of land area),EN.POP.DNST,43.9506892402888
Madagascar,MDG,Net migration,SM.POP.NETM,-7500
Malawi,MWI,Population growth (annual %),SP.POP.GROW,2.66644645704802
Malawi,MWI,"International tourism, expenditures (% of total imports)",ST.INT.XPND.MP.ZS,4.31545499849776
Malawi,MWI,Population density (people per sq. km of land area),EN.POP.DNST,187.422496817989
Malawi,MWI,Net migration,SM.POP.NETM,-80263
Malaysia,MYS,Population growth (annual %),SP.POP.GROW,1.3594891710441
Malaysia,MYS,"International tourism, expenditures (% of total imports)",ST.INT.XPND.MP.ZS,6.02091248805984
Malaysia,MYS,Population density (people per sq. km of land area),EN.POP.DNST,94.6725155988434
Malaysia,MYS,Net migration,SM.POP.NETM,249999
Maldives,MDV,Population growth (annual %),SP.POP.GROW,4.30006271362034
Maldives,MDV,"International tourism, expenditures (% of total imports)",ST.INT.XPND.MP.ZS,10.5387067454168
Maldives,MDV,Population density (people per sq. km of land area),EN.POP.DNST,1654.66
Maldives,MDV,Net migration,SM.POP.NETM,56851
Mali,MLI,Population growth (annual %),SP.POP.GROW,2.99919867073212
Mali,MLI,"International tourism, expenditures (% of total imports)",ST.INT.XPND.MP.ZS,3.92884962968265
Mali,MLI,Population density (people per sq. km of land area),EN.POP.DNST,15.1717593161721
Mali,MLI,Net migration,SM.POP.NETM,-200000
Malta,MLT,Population growth (annual %),SP.POP.GROW,2.73866285589301
Malta,MLT,"International tourism, expenditures (% of total imports)",ST.INT.XPND.MP.ZS,..
Malta,MLT,Population density (people per sq. km of land area),EN.POP.DNST,1462.496875
Malta,MLT,Net migration,SM.POP.NETM,4501
Marshall Islands,MHL,Population growth (annual %),SP.POP.GROW,0.57006787881311
Marshall Islands,MHL,"International tourism, expenditures (% of total imports)",ST.INT.XPND.MP.ZS,15.3572684951523
Marshall Islands,MHL,Population density (people per sq. km of land area),EN.POP.DNST,322.516666666667
Marshall Islands,MHL,Net migration,SM.POP.NETM,..
Mauritania,MRT,Population growth (annual %),SP.POP.GROW,2.81923462214867
Mauritania,MRT,"International tourism, expenditures (% of total imports)",ST.INT.XPND.MP.ZS,2.15272505927326
Mauritania,MRT,Population density (people per sq. km of land area),EN.POP.DNST,4.15502280003881
Mauritania,MRT,Net migration,SM.POP.NETM,25002
Mauritius,MUS,Population growth (annual %),SP.POP.GROW,0.0901868114668421
Mauritius,MUS,"International tourism, expenditures (% of total imports)",ST.INT.XPND.MP.ZS,10.2936479716104
Mauritius,MUS,Population density (people per sq. km of land area),EN.POP.DNST,622.962068965517
Mauritius,MUS,Net migration,SM.POP.NETM,0
Mexico,MEX,Population growth (annual %),SP.POP.GROW,1.16396694963579
Mexico,MEX,"International tourism, expenditures (% of total imports)",ST.INT.XPND.MP.ZS,2.97878422896738
Mexico,MEX,Population density (people per sq. km of land area),EN.POP.DNST,64.1875181974845
Mexico,MEX,Net migration,SM.POP.NETM,-300000
"Micronesia, Fed. Sts.",FSM,Population growth (annual %),SP.POP.GROW,1.1241750321301
"Micronesia, Fed. Sts.",FSM,"International tourism, expenditures (% of total imports)",ST.INT.XPND.MP.ZS,..
"Micronesia, Fed. Sts.",FSM,Population density (people per sq. km of land area),EN.POP.DNST,159.23
"Micronesia, Fed. Sts.",FSM,Net migration,SM.POP.NETM,-2999
Moldova,MDA,Population growth (annual %),SP.POP.GROW,-1.69193257910835
Moldova,MDA,"International tourism, expenditures (% of total imports)",ST.INT.XPND.MP.ZS,7.0775362723734
Moldova,MDA,Population density (people per sq. km of land area),EN.POP.DNST,95.9083092561005
Moldova,MDA,Net migration,SM.POP.NETM,-6935
Monaco,MCO,Population growth (annual %),SP.POP.GROW,0.842253416153839
Monaco,MCO,"International tourism, expenditures (% of total imports)",ST.INT.XPND.MP.ZS,..
Monaco,MCO,Population density (people per sq. km of land area),EN.POP.DNST,18940.3058707449
Monaco,MCO,Net migration,SM.POP.NETM,..
Mongolia,MNG,Population growth (annual %),SP.POP.GROW,1.86159804139428
Mongolia,MNG,"International tourism, expenditures (% of total imports)",ST.INT.XPND.MP.ZS,9.47410191948952
Mongolia,MNG,Population density (people per sq. km of land area),EN.POP.DNST,1.9995358500603
Mongolia,MNG,Net migration,SM.POP.NETM,-4262
Montenegro,MNE,Population growth (annual %),SP.POP.GROW,0.011247907097728
Montenegro,MNE,"International tourism, expenditures (% of total imports)",ST.INT.XPND.MP.ZS,2.89243172552071
Montenegro,MNE,Population density (people per sq. km of land area),EN.POP.DNST,46.2730855018587
Montenegro,MNE,Net migration,SM.POP.NETM,-2400
Morocco,MAR,Population growth (annual %),SP.POP.GROW,1.28696129912794
Morocco,MAR,"International tourism, expenditures (% of total imports)",ST.INT.XPND.MP.ZS,5.72815313778767
Morocco,MAR,Population density (people per sq. km of land area),EN.POP.DNST,79.7249764732243
Morocco,MAR,Net migration,SM.POP.NETM,-257096
Mozambique,MOZ,Population growth (annual %),SP.POP.GROW,2.90067226108777
Mozambique,MOZ,"International tourism, expenditures (% of total imports)",ST.INT.XPND.MP.ZS,2.88587645392198
Mozambique,MOZ,Population density (people per sq. km of land area),EN.POP.DNST,36.4315051247489
Mozambique,MOZ,Net migration,SM.POP.NETM,-25000
Myanmar,MMR,Population growth (annual %),SP.POP.GROW,0.633900885128423
Myanmar,MMR,"International tourism, expenditures (% of total imports)",ST.INT.XPND.MP.ZS,0.736781682658492
Myanmar,MMR,Population density (people per sq. km of land area),EN.POP.DNST,81.7759478545934
Myanmar,MMR,Net migration,SM.POP.NETM,-816564
Namibia,NAM,Population growth (annual %),SP.POP.GROW,1.87285953996
Namibia,NAM,"International tourism, expenditures (% of total imports)",ST.INT.XPND.MP.ZS,1.18803227680285
Namibia,NAM,Population density (people per sq. km of land area),EN.POP.DNST,2.918319182791
Namibia,NAM,Net migration,SM.POP.NETM,-24030
Nauru,NRU,Population growth (annual %),SP.POP.GROW,0.978583648861987
Nauru,NRU,"International tourism, expenditures (% of total imports)",ST.INT.XPND.MP.ZS,9.82845833623804
Nauru,NRU,Population density (people per sq. km of land area),EN.POP.DNST,528.85
Nauru,NRU,Net migration,SM.POP.NETM,..
Nepal,NPL,Population growth (annual %),SP.POP.GROW,1.34529588901848
Nepal,NPL,"International tourism, expenditures (% of total imports)",ST.INT.XPND.MP.ZS,7.49339114502705
Nepal,NPL,Population density (people per sq. km of land area),EN.POP.DNST,192.763739100105
Nepal,NPL,Net migration,SM.POP.NETM,208549
Netherlands,NLD,Population growth (annual %),SP.POP.GROW,0.591203366164118
Netherlands,NLD,"International tourism, expenditures (% of total imports)",ST.INT.XPND.MP.ZS,4.0776928920295
Netherlands,NLD,Population density (people per sq. km of land area),EN.POP.DNST,508.8
Netherlands,NLD,Net migration,SM.POP.NETM,80000
New Caledonia,NCL,Population growth (annual %),SP.POP.GROW,0.241030987183191
New Caledonia,NCL,"International tourism, expenditures (% of total imports)",ST.INT.XPND.MP.ZS,..
New Caledonia,NCL,Population density (people per sq. km of land area),EN.POP.DNST,14.7702407002188
New Caledonia,NCL,Net migration,SM.POP.NETM,2510
New Zealand,NZL,Population growth (annual %),SP.POP.GROW,2.08872272281936
New Zealand,NZL,"International tourism, expenditures (% of total imports)",ST.INT.XPND.MP.ZS,8.32540276127004
New Zealand,NZL,Population density (people per sq. km of land area),EN.POP.DNST,18.2811135163875
New Zealand,NZL,Net migration,SM.POP.NETM,74403
Nicaragua,NIC,Population growth (annual %),SP.POP.GROW,1.27473066409974
Nicaragua,NIC,"International tourism, expenditures (% of total imports)",ST.INT.XPND.MP.ZS,4.81555754921104
Nicaragua,NIC,Population density (people per sq. km of land area),EN.POP.DNST,53.0566976898787
Nicaragua,NIC,Net migration,SM.POP.NETM,-106360
Niger,NER,Population growth (annual %),SP.POP.GROW,3.83900131197354
Niger,NER,"International tourism, expenditures (% of total imports)",ST.INT.XPND.MP.ZS,4.08475171845022
Niger,NER,Population density (people per sq. km of land area),EN.POP.DNST,17.0540680508408
Niger,NER,Net migration,SM.POP.NETM,20001
Nigeria,NGA,Population growth (annual %),SP.POP.GROW,2.60766705440125
Nigeria,NGA,"International tourism, expenditures (% of total imports)",ST.INT.XPND.MP.ZS,16.0874482560529
Nigeria,NGA,Population density (people per sq. km of land area),EN.POP.DNST,209.573489464958
Nigeria,NGA,Net migration,SM.POP.NETM,-300000
North Macedonia,MKD,Population growth (annual %),SP.POP.GROW,0.0600565702880887
North Macedonia,MKD,"International tourism, expenditures (% of total imports)",ST.INT.XPND.MP.ZS,2.97581964700313
North Macedonia,MKD,Population density (people per sq. km of land area),EN.POP.DNST,82.5533703409992
North Macedonia,MKD,Net migration,SM.POP.NETM,-4999
Northern Mariana Islands,MNP,Population growth (annual %),SP.POP.GROW,0.649283813705843
Northern Mariana Islands,MNP,"International tourism, expenditures (% of total imports)",ST.INT.XPND.MP.ZS,..
Northern Mariana Islands,MNP,Population density (people per sq. km of land area),EN.POP.DNST,122.941304347826
Northern Mariana Islands,MNP,Net migration,SM.POP.NETM,..
Norway,NOR,Population growth (annual %),SP.POP.GROW,0.807673181884948
Norway,NOR,"International tourism, expenditures (% of total imports)",ST.INT.XPND.MP.ZS,13.4319493632438
Norway,NOR,Population density (people per sq. km of land area),EN.POP.DNST,14.4525778384356
Norway,NOR,Net migration,SM.POP.NETM,140000
Oman,OMN,Population growth (annual %),SP.POP.GROW,4.08380596990524
Oman,OMN,"International tourism, expenditures (% of total imports)",ST.INT.XPND.MP.ZS,8.33781495299632
Oman,OMN,Population density (people per sq. km of land area),EN.POP.DNST,15.075689822294
Oman,OMN,Net migration,SM.POP.NETM,437000
Pakistan,PAK,Population growth (annual %),SP.POP.GROW,2.07757838708128
Pakistan,PAK,"International tourism, expenditures (% of total imports)",ST.INT.XPND.MP.ZS,5.14123982734923
Pakistan,PAK,Population density (people per sq. km of land area),EN.POP.DNST,269.699836550436
Pakistan,PAK,Net migration,SM.POP.NETM,-1166895
Palau,PLW,Population growth (annual %),SP.POP.GROW,0.512287550402811
Palau,PLW,"International tourism, expenditures (% of total imports)",ST.INT.XPND.MP.ZS,11.2656023340399
Palau,PLW,Population density (people per sq. km of land area),EN.POP.DNST,38.7152173913043
Palau,PLW,Net migration,SM.POP.NETM,..
Panama,PAN,Population growth (annual %),SP.POP.GROW,1.7115446013077
Panama,PAN,"International tourism, expenditures (% of total imports)",ST.INT.XPND.MP.ZS,4.20015546897753
Panama,PAN,Population density (people per sq. km of land area),EN.POP.DNST,55.4069616837561
Panama,PAN,Net migration,SM.POP.NETM,56000
Papua New Guinea,PNG,Population growth (annual %),SP.POP.GROW,1.99017879640459
Papua New Guinea,PNG,"International tourism, expenditures (% of total imports)",ST.INT.XPND.MP.ZS,3.61638675770932
Papua New Guinea,PNG,Population density (people per sq. km of land area),EN.POP.DNST,18.6327739257166
Papua New Guinea,PNG,Net migration,SM.POP.NETM,-3999
Paraguay,PRY,Population growth (annual %),SP.POP.GROW,1.30717021817901
Paraguay,PRY,"International tourism, expenditures (% of total imports)",ST.INT.XPND.MP.ZS,4.36042383846631
Paraguay,PRY,Population density (people per sq. km of land area),EN.POP.DNST,17.2843141203121
Paraguay,PRY,Net migration,SM.POP.NETM,-82780
Peru,PER,Population growth (annual %),SP.POP.GROW,1.66192767329954
Peru,PER,"International tourism, expenditures (% of total imports)",ST.INT.XPND.MP.ZS,6.18271595148155
Peru,PER,Population density (people per sq. km of land area),EN.POP.DNST,24.56585859375
Peru,PER,Net migration,SM.POP.NETM,495345
Philippines,PHL,Population growth (annual %),SP.POP.GROW,1.44527760718223
Philippines,PHL,"International tourism, expenditures (% of total imports)",ST.INT.XPND.MP.ZS,10.5291162494124
Philippines,PHL,Population density (people per sq. km of land area),EN.POP.DNST,352.728044404199
Philippines,PHL,Net migration,SM.POP.NETM,-335758
Poland,POL,Population growth (annual %),SP.POP.GROW,0.0124800985844923
Poland,POL,"International tourism, expenditures (% of total imports)",ST.INT.XPND.MP.ZS,3.53841357368502
Poland,POL,Population density (people per sq. km of land area),EN.POP.DNST,124.0237303635
Poland,POL,Net migration,SM.POP.NETM,-146976
Portugal,PRT,Population growth (annual %),SP.POP.GROW,-0.243889410358812
Portugal,PRT,"International tourism, expenditures (% of total imports)",ST.INT.XPND.MP.ZS,5.99384656122452
Portugal,PRT,Population density (people per sq. km of land area),EN.POP.DNST,112.441815784188
Portugal,PRT,Net migration,SM.POP.NETM,-30001
Puerto Rico,PRI,Population growth (annual %),SP.POP.GROW,-2.4180176217623
Puerto Rico,PRI,"International tourism, expenditures (% of total imports)",ST.INT.XPND.MP.ZS,..
Puerto Rico,PRI,Population density (people per sq. km of land area),EN.POP.DNST,374.891319052988
Puerto Rico,PRI,Net migration,SM.POP.NETM,-489932
Qatar,QAT,Population growth (annual %),SP.POP.GROW,2.61575105799256
Qatar,QAT,"International tourism, expenditures (% of total imports)",ST.INT.XPND.MP.ZS,19.7515515878099
Qatar,QAT,Population density (people per sq. km of land area),EN.POP.DNST,237.138990426458
Qatar,QAT,Net migration,SM.POP.NETM,200000
Romania,ROU,Population growth (annual %),SP.POP.GROW,-0.578007015146885
Romania,ROU,"International tourism, expenditures (% of total imports)",ST.INT.XPND.MP.ZS,5.24430009863523
Romania,ROU,Population density (people per sq. km of land area),EN.POP.DNST,85.1387126216968
Romania,ROU,Net migration,SM.POP.NETM,-369997
Russian Federation,RUS,Population growth (annual %),SP.POP.GROW,0.106870569429971
Russian Federation,RUS,"International tourism, expenditures (% of total imports)",ST.INT.XPND.MP.ZS,10.8737084644597
Russian Federation,RUS,Population density (people per sq. km of land area),EN.POP.DNST,8.8232207375402
Russian Federation,RUS,Net migration,SM.POP.NETM,912279
Rwanda,RWA,Population growth (annual %),SP.POP.GROW,2.63976245281264
Rwanda,RWA,"International tourism, expenditures (% of total imports)",ST.INT.XPND.MP.ZS,13.6455747808998
Rwanda,RWA,Population density (people per sq. km of land area),EN.POP.DNST,485.648966355898
Rwanda,RWA,Net migration,SM.POP.NETM,-44998
Samoa,WSM,Population growth (annual %),SP.POP.GROW,0.419597535845907
Samoa,WSM,"International tourism, expenditures (% of total imports)",ST.INT.XPND.MP.ZS,0.950797352654094
Samoa,WSM,Population density (people per sq. km of land area),EN.POP.DNST,69.0310954063604
Samoa,WSM,Net migration,SM.POP.NETM,-14013
San Marino,SMR,Population growth (annual %),SP.POP.GROW,0.500194570138155
San Marino,SMR,"International tourism, expenditures (% of total imports)",ST.INT.XPND.MP.ZS,..
San Marino,SMR,Population density (people per sq. km of land area),EN.POP.DNST,561.183333333333
San Marino,SMR,Net migration,SM.POP.NETM,..
Sao Tome and Principe,STP,Population growth (annual %),SP.POP.GROW,1.88401091022563
Sao Tome and Principe,STP,"International tourism, expenditures (% of total imports)",ST.INT.XPND.MP.ZS,..
Sao Tome and Principe,STP,Population density (people per sq. km of land area),EN.POP.DNST,215.714583333333
Sao Tome and Principe,STP,Net migration,SM.POP.NETM,-8401
Saudi Arabia,SAU,Population growth (annual %),SP.POP.GROW,2.00706639082931
Saudi Arabia,SAU,"International tourism, expenditures (% of total imports)",ST.INT.XPND.MP.ZS,9.4392543227334
Saudi Arabia,SAU,Population density (people per sq. km of land area),EN.POP.DNST,15.3981192637078
Saudi Arabia,SAU,Net migration,SM.POP.NETM,674895
Senegal,SEN,Population growth (annual %),SP.POP.GROW,2.80057660226301
Senegal,SEN,"International tourism, expenditures (% of total imports)",ST.INT.XPND.MP.ZS,3.93363745423424
Senegal,SEN,Population density (people per sq. km of land area),EN.POP.DNST,80.0880590037916
Senegal,SEN,Net migration,SM.POP.NETM,-100001
Serbia,SRB,Population growth (annual %),SP.POP.GROW,-0.532191341024444
Serbia,SRB,"International tourism, expenditures (% of total imports)",ST.INT.XPND.MP.ZS,6.12400241581043
Serbia,SRB,Population density (people per sq. km of land area),EN.POP.DNST,80.275074319689
Serbia,SRB,Net migration,SM.POP.NETM,20000
Seychelles,SYC,Population growth (annual %),SP.POP.GROW,1.22403375818123
Seychelles,SYC,"International tourism, expenditures (% of total imports)",ST.INT.XPND.MP.ZS,6.09338162580584
Seychelles,SYC,Population density (people per sq. km of land area),EN.POP.DNST,208.354347826087
Seychelles,SYC,Net migration,SM.POP.NETM,-1000
Sierra Leone,SLE,Population growth (annual %),SP.POP.GROW,2.15406938155801
Sierra Leone,SLE,"International tourism, expenditures (% of total imports)",ST.INT.XPND.MP.ZS,3.5125047942038
Sierra Leone,SLE,Population density (people per sq. km of land area),EN.POP.DNST,103.746564145193
Sierra Leone,SLE,Net migration,SM.POP.NETM,-21000
Singapore,SGP,Population growth (annual %),SP.POP.GROW,0.0885954699924263
Singapore,SGP,"International tourism, expenditures (% of total imports)",ST.INT.XPND.MP.ZS,4.95097518547465
Singapore,SGP,Population density (people per sq. km of land area),EN.POP.DNST,7915.73060648801
Singapore,SGP,Net migration,SM.POP.NETM,135142
Sint Maarten (Dutch part),SXM,Population growth (annual %),SP.POP.GROW,1.5023313732953
Sint Maarten (Dutch part),SXM,"International tourism, expenditures (% of total imports)",ST.INT.XPND.MP.ZS,9.73667686485011
Sint Maarten (Dutch part),SXM,Population density (people per sq. km of land area),EN.POP.DNST,1193.35294117647
Sint Maarten (Dutch part),SXM,Net migration,SM.POP.NETM,..
Slovak Republic,SVK,Population growth (annual %),SP.POP.GROW,0.155178995687406
Slovak Republic,SVK,"International tourism, expenditures (% of total imports)",ST.INT.XPND.MP.ZS,2.9328311377712
Slovak Republic,SVK,Population density (people per sq. km of land area),EN.POP.DNST,113.128785357737
Slovak Republic,SVK,Net migration,SM.POP.NETM,7423
Slovenia,SVN,Population growth (annual %),SP.POP.GROW,0.0651590392490152
Slovenia,SVN,"International tourism, expenditures (% of total imports)",ST.INT.XPND.MP.ZS,4.55309504084153
Slovenia,SVN,Population density (people per sq. km of land area),EN.POP.DNST,102.610871929328
Slovenia,SVN,Net migration,SM.POP.NETM,9999
Solomon Islands,SLB,Population growth (annual %),SP.POP.GROW,2.64331166884439
Solomon Islands,SLB,"International tourism, expenditures (% of total imports)",ST.INT.XPND.MP.ZS,10.7054266626949
Solomon Islands,SLB,Population density (people per sq. km of land area),EN.POP.DNST,22.7234726688103
Solomon Islands,SLB,Net migration,SM.POP.NETM,-7998
Somalia,SOM,Population growth (annual %),SP.POP.GROW,2.80492970604885
Somalia,SOM,"International tourism, expenditures (% of total imports)",ST.INT.XPND.MP.ZS,..
Somalia,SOM,Population density (people per sq. km of land area),EN.POP.DNST,23.2555950521248
Somalia,SOM,Net migration,SM.POP.NETM,-200002
South Africa,ZAF,Population growth (annual %),SP.POP.GROW,1.41694725378631
South Africa,ZAF,"International tourism, expenditures (% of total imports)",ST.INT.XPND.MP.ZS,6.12984563972454
South Africa,ZAF,Population density (people per sq. km of land area),EN.POP.DNST,46.9954834348647
South Africa,ZAF,Net migration,SM.POP.NETM,727026
South Sudan,SSD,Population growth (annual %),SP.POP.GROW,0.719802049046745
South Sudan,SSD,"International tourism, expenditures (% of total imports)",ST.INT.XPND.MP.ZS,15.2880466259333
South Sudan,SSD,Population density (people per sq. km of land area),EN.POP.DNST,17.2654105724038
South Sudan,SSD,Net migration,SM.POP.NETM,-870998
Spain,ESP,Population growth (annual %),SP.POP.GROW,0.234587922968563
Spain,ESP,"International tourism, expenditures (% of total imports)",ST.INT.XPND.MP.ZS,..
Spain,ESP,Population density (people per sq. km of land area),EN.POP.DNST,93.2709101549633
Spain,ESP,Net migration,SM.POP.NETM,200000
Sri Lanka,LKA,Population growth (annual %),SP.POP.GROW,1.13022048648777
Sri Lanka,LKA,"International tourism, expenditures (% of total imports)",ST.INT.XPND.MP.ZS,9.48379308731092
Sri Lanka,LKA,Population density (people per sq. km of land area),EN.POP.DNST,346.46890601522
Sri Lanka,LKA,Net migration,SM.POP.NETM,-489932
St. Kitts and Nevis,KNA,Population growth (annual %),SP.POP.GROW,0.785225661948494
St. Kitts and Nevis,KNA,"International tourism, expenditures (% of total imports)",ST.INT.XPND.MP.ZS,10.3313445132283
St. Kitts and Nevis,KNA,Population density (people per sq. km of land area),EN.POP.DNST,200.138461538462
St. Kitts and Nevis,KNA,Net migration,SM.POP.NETM,..
St. Lucia,LCA,Population growth (annual %),SP.POP.GROW,0.513598722226695
St. Lucia,LCA,"International tourism, expenditures (% of total imports)",ST.INT.XPND.MP.ZS,8.82767974125741
St. Lucia,LCA,Population density (people per sq. km of land area),EN.POP.DNST,296.647540983607
St. Lucia,LCA,Net migration,SM.POP.NETM,0
St. Martin (French part),MAF,Population growth (annual %),SP.POP.GROW,1.39889380200843
St. Martin (French part),MAF,"International tourism, expenditures (% of total imports)",ST.INT.XPND.MP.ZS,..
St. Martin (French part),MAF,Population density (people per sq. km of land area),EN.POP.DNST,731.38
St. Martin (French part),MAF,Net migration,SM.POP.NETM,..
St. Vincent and the Grenadines,VCT,Population growth (annual %),SP.POP.GROW,0.327416124281717
St. Vincent and the Grenadines,VCT,"International tourism, expenditures (% of total imports)",ST.INT.XPND.MP.ZS,10.7539455310142
St. Vincent and the Grenadines,VCT,Population density (people per sq. km of land area),EN.POP.DNST,281.605128205128
St. Vincent and the Grenadines,VCT,Net migration,SM.POP.NETM,-1000
Sudan,SDN,Population growth (annual %),SP.POP.GROW,2.39524232580927
Sudan,SDN,"International tourism, expenditures (% of total imports)",ST.INT.XPND.MP.ZS,0.295445026090438
Sudan,SDN,Population density (people per sq. km of land area),EN.POP.DNST,22.0703754556916
Sudan,SDN,Net migration,SM.POP.NETM,-250001
Suriname,SUR,Population growth (annual %),SP.POP.GROW,0.989629209249985
Suriname,SUR,"International tourism, expenditures (% of total imports)",ST.INT.XPND.MP.ZS,5.56222492769826
Suriname,SUR,Population density (people per sq. km of land area),EN.POP.DNST,3.65705769230769
Suriname,SUR,Net migration,SM.POP.NETM,-4999
Sweden,SWE,Population growth (annual %),SP.POP.GROW,1.34744505956262
Sweden,SWE,"International tourism, expenditures (% of total imports)",ST.INT.XPND.MP.ZS,..
Sweden,SWE,Population density (people per sq. km of land area),EN.POP.DNST,24.6929807763129
Sweden,SWE,Net migration,SM.POP.NETM,200000
Switzerland,CHE,Population growth (annual %),SP.POP.GROW,0.933155888738653
Switzerland,CHE,"International tourism, expenditures (% of total imports)",ST.INT.XPND.MP.ZS,5.61204367082245
Switzerland,CHE,Population density (people per sq. km of land area),EN.POP.DNST,213.883833978261
Switzerland,CHE,Net migration,SM.POP.NETM,259999
Syrian Arab Republic,SYR,Population growth (annual %),SP.POP.GROW,-2.14061860863601
Syrian Arab Republic,SYR,"International tourism, expenditures (% of total imports)",ST.INT.XPND.MP.ZS,..
Syrian Arab Republic,SYR,Population density (people per sq. km of land area),EN.POP.DNST,93.0984534117519
Syrian Arab Republic,SYR,Net migration,SM.POP.NETM,-2136954
Tajikistan,TJK,Population growth (annual %),SP.POP.GROW,2.47045070066645
Tajikistan,TJK,"International tourism, expenditures (% of total imports)",ST.INT.XPND.MP.ZS,0.546327796699509
Tajikistan,TJK,Population density (people per sq. km of land area),EN.POP.DNST,63.9835002521796
Tajikistan,TJK,Net migration,SM.POP.NETM,-99999
Tanzania,TZA,Population growth (annual %),SP.POP.GROW,2.99181230291284
Tanzania,TZA,"International tourism, expenditures (% of total imports)",ST.INT.XPND.MP.ZS,9.22717725569375
Tanzania,TZA,Population density (people per sq. km of land area),EN.POP.DNST,61.7073210657033
Tanzania,TZA,Net migration,SM.POP.NETM,-200381
Thailand,THA,Population growth (annual %),SP.POP.GROW,0.345205219913361
Thailand,THA,"International tourism, expenditures (% of total imports)",ST.INT.XPND.MP.ZS,5.1159287831254
Thailand,THA,Population density (people per sq. km of land area),EN.POP.DNST,135.46911663959
Thailand,THA,Net migration,SM.POP.NETM,97222
Timor-Leste,TLS,Population growth (annual %),SP.POP.GROW,1.94690600412748
Timor-Leste,TLS,"International tourism, expenditures (% of total imports)",ST.INT.XPND.MP.ZS,12.2019478175775
Timor-Leste,TLS,Population density (people per sq. km of land area),EN.POP.DNST,83.6086079354405
Timor-Leste,TLS,Net migration,SM.POP.NETM,-26924
Togo,TGO,Population growth (annual %),SP.POP.GROW,2.47933129149683
Togo,TGO,"International tourism, expenditures (% of total imports)",ST.INT.XPND.MP.ZS,2.72650452871454
Togo,TGO,Population density (people per sq. km of land area),EN.POP.DNST,141.54212171355
Togo,TGO,Net migration,SM.POP.NETM,-9999
Tonga,TON,Population growth (annual %),SP.POP.GROW,0.845706386838955
Tonga,TON,"International tourism, expenditures (% of total imports)",ST.INT.XPND.MP.ZS,12.441084657818
Tonga,TON,Population density (people per sq. km of land area),EN.POP.DNST,141.669444444444
Tonga,TON,Net migration,SM.POP.NETM,-3999
Trinidad and Tobago,TTO,Population growth (annual %),SP.POP.GROW,0.470521283059585
Trinidad and Tobago,TTO,"International tourism, expenditures (% of total imports)",ST.INT.XPND.MP.ZS,1.54026476309914
Trinidad and Tobago,TTO,Population density (people per sq. km of land area),EN.POP.DNST,269.797270955166
Trinidad and Tobago,TTO,Net migration,SM.POP.NETM,-3999
Tunisia,TUN,Population growth (annual %),SP.POP.GROW,1.1390705538875
Tunisia,TUN,"International tourism, expenditures (% of total imports)",ST.INT.XPND.MP.ZS,3.85628885212722
Tunisia,TUN,Population density (people per sq. km of land area),EN.POP.DNST,73.5931900102987
Tunisia,TUN,Net migration,SM.POP.NETM,-20000
Turkey,TUR,Population growth (annual %),SP.POP.GROW,1.60131223365858
Turkey,TUR,"International tourism, expenditures (% of total imports)",ST.INT.XPND.MP.ZS,2.30056837571635
Turkey,TUR,Population density (people per sq. km of land area),EN.POP.DNST,105.396685420267
Turkey,TUR,Net migration,SM.POP.NETM,1419610
Turkmenistan,TKM,Population growth (annual %),SP.POP.GROW,1.66896488441613
Turkmenistan,TKM,"International tourism, expenditures (% of total imports)",ST.INT.XPND.MP.ZS,..
Turkmenistan,TKM,Population density (people per sq. km of land area),EN.POP.DNST,12.2521801119316
Turkmenistan,TKM,Net migration,SM.POP.NETM,-25001
Turks and Caicos Islands,TCA,Population growth (annual %),SP.POP.GROW,1.51481029965206
Turks and Caicos Islands,TCA,"International tourism, expenditures (% of total imports)",ST.INT.XPND.MP.ZS,..
Turks and Caicos Islands,TCA,Population density (people per sq. km of land area),EN.POP.DNST,39.0694736842105
Turks and Caicos Islands,TCA,Net migration,SM.POP.NETM,..
Tuvalu,TUV,Population growth (annual %),SP.POP.GROW,1.17716100210512
Tuvalu,TUV,"International tourism, expenditures (% of total imports)",ST.INT.XPND.MP.ZS,..
Tuvalu,TUV,Population density (people per sq. km of land area),EN.POP.DNST,378.833333333333
Tuvalu,TUV,Net migration,SM.POP.NETM,..
Uganda,UGA,Population growth (annual %),SP.POP.GROW,3.75568661067387
Uganda,UGA,"International tourism, expenditures (% of total imports)",ST.INT.XPND.MP.ZS,4.88899651685123
Uganda,UGA,Population density (people per sq. km of land area),EN.POP.DNST,205.299162178336
Uganda,UGA,Net migration,SM.POP.NETM,843469
Ukraine,UKR,Population growth (annual %),SP.POP.GROW,-0.386345310894755
Ukraine,UKR,"International tourism, expenditures (% of total imports)",ST.INT.XPND.MP.ZS,12.0214395099541
Ukraine,UKR,Population density (people per sq. km of land area),EN.POP.DNST,77.388460210599
Ukraine,UKR,Net migration,SM.POP.NETM,50001
United Arab Emirates,ARE,Population growth (annual %),SP.POP.GROW,1.33947023681167
United Arab Emirates,ARE,"International tourism, expenditures (% of total imports)",ST.INT.XPND.MP.ZS,..
United Arab Emirates,ARE,Population density (people per sq. km of land area),EN.POP.DNST,133.584990143622
United Arab Emirates,ARE,Net migration,SM.POP.NETM,200000
United Kingdom,GBR,Population growth (annual %),SP.POP.GROW,0.679374473924223
United Kingdom,GBR,"International tourism, expenditures (% of total imports)",ST.INT.XPND.MP.ZS,..
United Kingdom,GBR,Population density (people per sq. km of land area),EN.POP.DNST,273.049472988054
United Kingdom,GBR,Net migration,SM.POP.NETM,1303250
United States,USA,Population growth (annual %),SP.POP.GROW,0.63264399508256
United States,USA,"International tourism, expenditures (% of total imports)",ST.INT.XPND.MP.ZS,5.45740573567211
United States,USA,Population density (people per sq. km of land area),EN.POP.DNST,35.5424948236771
United States,USA,Net migration,SM.POP.NETM,4774029
Uruguay,URY,Population growth (annual %),SP.POP.GROW,0.364565153230285
Uruguay,URY,"International tourism, expenditures (% of total imports)",ST.INT.XPND.MP.ZS,9.25178620958567
Uruguay,URY,Population density (people per sq. km of land area),EN.POP.DNST,19.6357273454462
Uruguay,URY,Net migration,SM.POP.NETM,-15000
Uzbekistan,UZB,Population growth (annual %),SP.POP.GROW,1.68350632535532
Uzbekistan,UZB,"International tourism, expenditures (% of total imports)",ST.INT.XPND.MP.ZS,12.7928438687305
Uzbekistan,UZB,Population density (people per sq. km of land area),EN.POP.DNST,73.5123823444632
Uzbekistan,UZB,Net migration,SM.POP.NETM,-44314
Vanuatu,VUT,Population growth (annual %),SP.POP.GROW,2.54454379327002
Vanuatu,VUT,"International tourism, expenditures (% of total imports)",ST.INT.XPND.MP.ZS,4.03378317992081
Vanuatu,VUT,Population density (people per sq. km of land area),EN.POP.DNST,23.4207547169811
Vanuatu,VUT,Net migration,SM.POP.NETM,600
"Venezuela, RB",VEN,Population growth (annual %),SP.POP.GROW,-1.51476569807441
"Venezuela, RB",VEN,"International tourism, expenditures (% of total imports)",ST.INT.XPND.MP.ZS,..
"Venezuela, RB",VEN,Population density (people per sq. km of land area),EN.POP.DNST,33.3342554276968
"Venezuela, RB",VEN,Net migration,SM.POP.NETM,-3266243
Vietnam,VNM,Population growth (annual %),SP.POP.GROW,1.02019850123199
Vietnam,VNM,"International tourism, expenditures (% of total imports)",ST.INT.XPND.MP.ZS,2.27670041061918
Vietnam,VNM,Population density (people per sq. km of land area),EN.POP.DNST,305.094472215951
Vietnam,VNM,Net migration,SM.POP.NETM,-399999
Virgin Islands (U.S.),VIR,Population growth (annual %),SP.POP.GROW,-0.218811336994337
Virgin Islands (U.S.),VIR,"International tourism, expenditures (% of total imports)",ST.INT.XPND.MP.ZS,..
Virgin Islands (U.S.),VIR,Population density (people per sq. km of land area),EN.POP.DNST,306.517142857143
Virgin Islands (U.S.),VIR,Net migration,SM.POP.NETM,-2254
West Bank and Gaza,PSE,Population growth (annual %),SP.POP.GROW,1.98868634871278
West Bank and Gaza,PSE,"International tourism, expenditures (% of total imports)",ST.INT.XPND.MP.ZS,9.56087075159846
West Bank and Gaza,PSE,Population density (people per sq. km of land area),EN.POP.DNST,740.000830564784
West Bank and Gaza,PSE,Net migration,SM.POP.NETM,-52816
"Yemen, Rep.",YEM,Population growth (annual %),SP.POP.GROW,2.4239891818803
"Yemen, Rep.",YEM,"International tourism, expenditures (% of total imports)",ST.INT.XPND.MP.ZS,..
"Yemen, Rep.",YEM,Population density (people per sq. km of land area),EN.POP.DNST,52.7204405553346
"Yemen, Rep.",YEM,Net migration,SM.POP.NETM,-150000
Zambia,ZMB,Population growth (annual %),SP.POP.GROW,2.95146304797564
Zambia,ZMB,"International tourism, expenditures (% of total imports)",ST.INT.XPND.MP.ZS,4.69665317967767
Zambia,ZMB,Population density (people per sq. km of land area),EN.POP.DNST,22.671286942251
Zambia,ZMB,Net migration,SM.POP.NETM,-40000
Zimbabwe,ZWE,Population growth (annual %),SP.POP.GROW,1.45940581314681
Zimbabwe,ZWE,"International tourism, expenditures (% of total imports)",ST.INT.XPND.MP.ZS,5.1528959469222
Zimbabwe,ZWE,Population density (people per sq. km of land area),EN.POP.DNST,36.8013416052734
Zimbabwe,ZWE,Net migration,SM.POP.NETM,-584288
Africa Eastern and Southern,AFE,Population growth (annual %),SP.POP.GROW,2.69090172827046
Africa Eastern and Southern,AFE,"International tourism, expenditures (% of total imports)",ST.INT.XPND.MP.ZS,5.11524058242353
Africa Eastern and Southern,AFE,Population density (people per sq. km of land area),EN.POP.DNST,42.3037088730392
Africa Eastern and Southern,AFE,Net migration,SM.POP.NETM,-791282
Africa Western and Central,AFW,Population growth (annual %),SP.POP.GROW,2.71932994204438
Africa Western and Central,AFW,"International tourism, expenditures (% of total imports)",ST.INT.XPND.MP.ZS,9.71872878395136
Africa Western and Central,AFW,Population density (people per sq. km of land area),EN.POP.DNST,46.8472514255266
Africa Western and Central,AFW,Net migration,SM.POP.NETM,-1022839
Arab World,ARB,Population growth (annual %),SP.POP.GROW,1.95522137783333
Arab World,ARB,"International tourism, expenditures (% of total imports)",ST.INT.XPND.MP.ZS,10.5314670324706
Arab World,ARB,Population density (people per sq. km of land area),EN.POP.DNST,31.4898410513152
Arab World,ARB,Net migration,SM.POP.NETM,-1408824
Caribbean small states,CSS,Population growth (annual %),SP.POP.GROW,0.626889344834524
Caribbean small states,CSS,"International tourism, expenditures (% of total imports)",ST.INT.XPND.MP.ZS,5.87898941102181
Caribbean small states,CSS,Population density (people per sq. km of land area),EN.POP.DNST,18.0683117203903
Caribbean small states,CSS,Net migration,SM.POP.NETM,-87055
Central Europe and the Baltics,CEB,Population growth (annual %),SP.POP.GROW,-0.246809827629463
Central Europe and the Baltics,CEB,"International tourism, expenditures (% of total imports)",ST.INT.XPND.MP.ZS,3.81515206128329
Central Europe and the Baltics,CEB,Population density (people per sq. km of land area),EN.POP.DNST,92.8657467294316
Central Europe and the Baltics,CEB,Net migration,SM.POP.NETM,-642033
Early-demographic dividend,EAR,Population growth (annual %),SP.POP.GROW,1.32869883249593
Early-demographic dividend,EAR,"International tourism, expenditures (% of total imports)",ST.INT.XPND.MP.ZS,5.41338336939511
Early-demographic dividend,EAR,Population density (people per sq. km of land area),EN.POP.DNST,96.2398177680072
Early-demographic dividend,EAR,Net migration,SM.POP.NETM,-11460012
East Asia & Pacific,EAS,Population growth (annual %),SP.POP.GROW,0.679230149544537
East Asia & Pacific,EAS,"International tourism, expenditures (% of total imports)",ST.INT.XPND.MP.ZS,..
East Asia & Pacific,EAS,Population density (people per sq. km of land area),EN.POP.DNST,94.4437365001323
East Asia & Pacific,EAS,Net migration,SM.POP.NETM,-2057249
East Asia & Pacific (excluding high income),EAP,Population growth (annual %),SP.POP.GROW,0.732721858749954
East Asia & Pacific (excluding high income),EAP,"International tourism, expenditures (% of total imports)",ST.INT.XPND.MP.ZS,..
East Asia & Pacific (excluding high income),EAP,Population density (people per sq. km of land area),EN.POP.DNST,129.103494946217
East Asia & Pacific (excluding high income),EAP,Net migration,SM.POP.NETM,-3791004
East Asia & Pacific (IDA & IBRD countries),TEA,Population growth (annual %),SP.POP.GROW,0.735868249635629
East Asia & Pacific (IDA & IBRD countries),TEA,"International tourism, expenditures (% of total imports)",ST.INT.XPND.MP.ZS,..
East Asia & Pacific (IDA & IBRD countries),TEA,Population density (people per sq. km of land area),EN.POP.DNST,128.477812700859
East Asia & Pacific (IDA & IBRD countries),TEA,Net migration,SM.POP.NETM,-3763991
Euro area,EMU,Population growth (annual %),SP.POP.GROW,0.216013924152847
Euro area,EMU,"International tourism, expenditures (% of total imports)",ST.INT.XPND.MP.ZS,5.49712662806135
Euro area,EMU,Population density (people per sq. km of land area),EN.POP.DNST,127.375519912329
Euro area,EMU,Net migration,SM.POP.NETM,4446572
Europe & Central Asia,ECS,Population growth (annual %),SP.POP.GROW,0.411037018000343
Europe & Central Asia,ECS,"International tourism, expenditures (% of total imports)",ST.INT.XPND.MP.ZS,5.75126007798884
Europe & Central Asia,ECS,Population density (people per sq. km of land area),EN.POP.DNST,33.3152214282679
Europe & Central Asia,ECS,Net migration,SM.POP.NETM,7894029
Europe & Central Asia (excluding high income),ECA,Population growth (annual %),SP.POP.GROW,0.560882068207036
Europe & Central Asia (excluding high income),ECA,"International tourism, expenditures (% of total imports)",ST.INT.XPND.MP.ZS,7.35855654251379
Europe & Central Asia (excluding high income),ECA,Population density (people per sq. km of land area),EN.POP.DNST,18.32779348092
Europe & Central Asia (excluding high income),ECA,Net migration,SM.POP.NETM,1510981
Europe & Central Asia (IDA & IBRD countries),TEC,Population growth (annual %),SP.POP.GROW,0.498985180711784
Europe & Central Asia (IDA & IBRD countries),TEC,"International tourism, expenditures (% of total imports)",ST.INT.XPND.MP.ZS,6.50366596917758
Europe & Central Asia (IDA & IBRD countries),TEC,Population density (people per sq. km of land area),EN.POP.DNST,19.8691054395916
Europe & Central Asia (IDA & IBRD countries),TEC,Net migration,SM.POP.NETM,1324001
European Union,EUU,Population growth (annual %),SP.POP.GROW,0.156820031833419
European Union,EUU,"International tourism, expenditures (% of total imports)",ST.INT.XPND.MP.ZS,5.31159763707059
European Union,EUU,Population density (people per sq. km of land area),EN.POP.DNST,111.657432520417
European Union,EUU,Net migration,SM.POP.NETM,4281648
Fragile and conflict affected situations,FCS,Population growth (annual %),SP.POP.GROW,2.26121087909009
Fragile and conflict affected situations,FCS,"International tourism, expenditures (% of total imports)",ST.INT.XPND.MP.ZS,11.0869296274499
Fragile and conflict affected situations,FCS,Population density (people per sq. km of land area),EN.POP.DNST,43.5377687781688
Fragile and conflict affected situations,FCS,Net migration,SM.POP.NETM,-9804237
Heavily indebted poor countries (HIPC),HPC,Population growth (annual %),SP.POP.GROW,2.80598640542024
Heavily indebted poor countries (HIPC),HPC,"International tourism, expenditures (% of total imports)",ST.INT.XPND.MP.ZS,4.84423543885781
Heavily indebted poor countries (HIPC),HPC,Population density (people per sq. km of land area),EN.POP.DNST,39.2154756979323
Heavily indebted poor countries (HIPC),HPC,Net migration,SM.POP.NETM,-1462971
High income,HIC,Population growth (annual %),SP.POP.GROW,0.509283930678976
High income,HIC,"International tourism, expenditures (% of total imports)",ST.INT.XPND.MP.ZS,5.72077259352724
High income,HIC,Population density (people per sq. km of land area),EN.POP.DNST,34.3501535035571
High income,HIC,Net migration,SM.POP.NETM,16158522
IBRD only,IBD,Population growth (annual %),SP.POP.GROW,0.9252987142075
IBRD only,IBD,"International tourism, expenditures (% of total imports)",ST.INT.XPND.MP.ZS,..
IBRD only,IBD,Population density (people per sq. km of land area),EN.POP.DNST,66.6410508004847
IBRD only,IBD,Net migration,SM.POP.NETM,-6056175
IDA & IBRD total,IBT,Population growth (annual %),SP.POP.GROW,1.2609451586753
IDA & IBRD total,IBT,"International tourism, expenditures (% of total imports)",ST.INT.XPND.MP.ZS,5.96119580176806
IDA & IBRD total,IBT,Population density (people per sq. km of land area),EN.POP.DNST,65.9251045803114
IDA & IBRD total,IBT,Net migration,SM.POP.NETM,-15664439
IDA blend,IDB,Population growth (annual %),SP.POP.GROW,2.30135094001925
IDA blend,IDB,"International tourism, expenditures (% of total imports)",ST.INT.XPND.MP.ZS,9.85351809305641
IDA blend,IDB,Population density (people per sq. km of land area),EN.POP.DNST,122.446109150822
IDA blend,IDB,Net migration,SM.POP.NETM,-2260137
IDA only,IDX,Population growth (annual %),SP.POP.GROW,2.25332336043054
IDA only,IDX,"International tourism, expenditures (% of total imports)",ST.INT.XPND.MP.ZS,4.33645758313583
IDA only,IDX,Population density (people per sq. km of land area),EN.POP.DNST,51.4361523337001
IDA only,IDX,Net migration,SM.POP.NETM,-7348127
IDA total,IDA,Population growth (annual %),SP.POP.GROW,2.26946124689226
IDA total,IDA,"International tourism, expenditures (% of total imports)",ST.INT.XPND.MP.ZS,6.16341398767509
IDA total,IDA,Population density (people per sq. km of land area),EN.POP.DNST,63.8898202661987
IDA total,IDA,Net migration,SM.POP.NETM,-9608264
Late-demographic dividend,LTE,Population growth (annual %),SP.POP.GROW,0.624642003276847
Late-demographic dividend,LTE,"International tourism, expenditures (% of total imports)",ST.INT.XPND.MP.ZS,..
Late-demographic dividend,LTE,Population density (people per sq. km of land area),EN.POP.DNST,51.0688589365872
Late-demographic dividend,LTE,Net migration,SM.POP.NETM,-379189
Latin America & Caribbean,LCN,Population growth (annual %),SP.POP.GROW,0.966192505058387
Latin America & Caribbean,LCN,"International tourism, expenditures (% of total imports)",ST.INT.XPND.MP.ZS,6.37646492555551
Latin America & Caribbean,LCN,Population density (people per sq. km of land area),EN.POP.DNST,31.6666792421947
Latin America & Caribbean,LCN,Net migration,SM.POP.NETM,-2606469
Latin America & Caribbean (excluding high income),LAC,Population growth (annual %),SP.POP.GROW,1.10595295418392
Latin America & Caribbean (excluding high income),LAC,"International tourism, expenditures (% of total imports)",ST.INT.XPND.MP.ZS,6.46282771899338
Latin America & Caribbean (excluding high income),LAC,Population density (people per sq. km of land area),EN.POP.DNST,31.6928589549706
Latin America & Caribbean (excluding high income),LAC,Net migration,SM.POP.NETM,604241
Latin America & the Caribbean (IDA & IBRD countries),TLA,Population growth (annual %),SP.POP.GROW,1.00275122816012
Latin America & the Caribbean (IDA & IBRD countries),TLA,"International tourism, expenditures (% of total imports)",ST.INT.XPND.MP.ZS,6.30912876890895
Latin America & the Caribbean (IDA & IBRD countries),TLA,Population density (people per sq. km of land area),EN.POP.DNST,31.0671776388697
Latin America & the Caribbean (IDA & IBRD countries),TLA,Net migration,SM.POP.NETM,-2050462
Least developed countries: UN classification,LDC,Population growth (annual %),SP.POP.GROW,2.37314126248114
Least developed countries: UN classification,LDC,"International tourism, expenditures (% of total imports)",ST.INT.XPND.MP.ZS,3.9763260994916
Least developed countries: UN classification,LDC,Population density (people per sq. km of land area),EN.POP.DNST,48.4163106701664
Least developed countries: UN classification,LDC,Net migration,SM.POP.NETM,-4861511
Low & middle income,LMY,Population growth (annual %),SP.POP.GROW,1.2788190437427
Low & middle income,LMY,"International tourism, expenditures (% of total imports)",ST.INT.XPND.MP.ZS,6.14471226410065
Low & middle income,LMY,Population density (people per sq. km of land area),EN.POP.DNST,66.7122059804349
Low & middle income,LMY,Net migration,SM.POP.NETM,-12901585
Low income,LIC,Population growth (annual %),SP.POP.GROW,2.6155678680455
Low income,LIC,"International tourism, expenditures (% of total imports)",ST.INT.XPND.MP.ZS,3.13078712667507
Low income,LIC,Population density (people per sq. km of land area),EN.POP.DNST,41.1249620865863
Low income,LIC,Net migration,SM.POP.NETM,-3777274
Lower middle income,LMC,Population growth (annual %),SP.POP.GROW,1.44473360242414
Lower middle income,LMC,"International tourism, expenditures (% of total imports)",ST.INT.XPND.MP.ZS,5.33735869781495
Lower middle income,LMC,Population density (people per sq. km of land area),EN.POP.DNST,124.787253140176
Lower middle income,LMC,Net migration,SM.POP.NETM,-11284995
Middle East & North Africa,MEA,Population growth (annual %),SP.POP.GROW,1.77182905054975
Middle East & North Africa,MEA,"International tourism, expenditures (% of total imports)",ST.INT.XPND.MP.ZS,10.5250790613046
Middle East & North Africa,MEA,Population density (people per sq. km of land area),EN.POP.DNST,39.3197232840215
Middle East & North Africa,MEA,Net migration,SM.POP.NETM,-1194318
Middle East & North Africa (excluding high income),MNA,Population growth (annual %),SP.POP.GROW,1.69984923088833
Middle East & North Africa (excluding high income),MNA,"International tourism, expenditures (% of total imports)",ST.INT.XPND.MP.ZS,7.5462912988529
Middle East & North Africa (excluding high income),MNA,Population density (people per sq. km of land area),EN.POP.DNST,43.581133928837
Middle East & North Africa (excluding high income),MNA,Net migration,SM.POP.NETM,-3197316
Middle East & North Africa (IDA & IBRD countries),TMN,Population growth (annual %),SP.POP.GROW,1.69616459137391
Middle East & North Africa (IDA & IBRD countries),TMN,"International tourism, expenditures (% of total imports)",ST.INT.XPND.MP.ZS,7.4929170957872
Middle East & North Africa (IDA & IBRD countries),TMN,Population density (people per sq. km of land area),EN.POP.DNST,43.095619965515
Middle East & North Africa (IDA & IBRD countries),TMN,Net migration,SM.POP.NETM,-3144500
Middle income,MIC,Population growth (annual %),SP.POP.GROW,1.13579477605266
Middle income,MIC,"International tourism, expenditures (% of total imports)",ST.INT.XPND.MP.ZS,..
Middle income,MIC,Population density (people per sq. km of land area),EN.POP.DNST,71.5446095826487
Middle income,MIC,Net migration,SM.POP.NETM,-9124311
North America,NAC,Population growth (annual %),SP.POP.GROW,0.691866133904597
North America,NAC,"International tourism, expenditures (% of total imports)",ST.INT.XPND.MP.ZS,5.46627282072246
North America,NAC,Population density (people per sq. km of land area),EN.POP.DNST,19.970740234783
North America,NAC,Net migration,SM.POP.NETM,5984188
Not classified,INX,Population growth (annual %),SP.POP.GROW,..
Not classified,INX,"International tourism, expenditures (% of total imports)",ST.INT.XPND.MP.ZS,..
Not classified,INX,Population density (people per sq. km of land area),EN.POP.DNST,..
Not classified,INX,Net migration,SM.POP.NETM,..
OECD members,OED,Population growth (annual %),SP.POP.GROW,0.622085575607983
OECD members,OED,"International tourism, expenditures (% of total imports)",ST.INT.XPND.MP.ZS,5.4183821614649
OECD members,OED,Population density (people per sq. km of land area),EN.POP.DNST,38.021265079232
OECD members,OED,Net migration,SM.POP.NETM,16430707
Other small states,OSS,Population growth (annual %),SP.POP.GROW,2.05142669967134
Other small states,OSS,"International tourism, expenditures (% of total imports)",ST.INT.XPND.MP.ZS,12.9404647970163
Other small states,OSS,Population density (people per sq. km of land area),EN.POP.DNST,14.8392379799233
Other small states,OSS,Net migration,SM.POP.NETM,470312
Pacific island small states,PSS,Population growth (annual %),SP.POP.GROW,1.42609601030119
Pacific island small states,PSS,"International tourism, expenditures (% of total imports)",ST.INT.XPND.MP.ZS,6.7565412605108
Pacific island small states,PSS,Population density (people per sq. km of land area),EN.POP.DNST,37.6910747663551
Pacific island small states,PSS,Net migration,SM.POP.NETM,-63416
Post-demographic dividend,PST,Population growth (annual %),SP.POP.GROW,0.373652759806632
Post-demographic dividend,PST,"International tourism, expenditures (% of total imports)",ST.INT.XPND.MP.ZS,5.62884364890794
Post-demographic dividend,PST,Population density (people per sq. km of land area),EN.POP.DNST,35.2843904519622
Post-demographic dividend,PST,Net migration,SM.POP.NETM,13892345
Pre-demographic dividend,PRE,Population growth (annual %),SP.POP.GROW,2.82418374737507
Pre-demographic dividend,PRE,"International tourism, expenditures (% of total imports)",ST.INT.XPND.MP.ZS,9.00199989954078
Pre-demographic dividend,PRE,Population density (people per sq. km of land area),EN.POP.DNST,44.1287292228465
Pre-demographic dividend,PRE,Net migration,SM.POP.NETM,-2213380
Small states,SST,Population growth (annual %),SP.POP.GROW,1.74918220384126
Small states,SST,"International tourism, expenditures (% of total imports)",ST.INT.XPND.MP.ZS,11.7568245466678
Small states,SST,Population density (people per sq. km of land area),EN.POP.DNST,15.9486543063995
Small states,SST,Net migration,SM.POP.NETM,319841
South Asia,SAS,Population growth (annual %),SP.POP.GROW,1.22492615301573
South Asia,SAS,"International tourism, expenditures (% of total imports)",ST.INT.XPND.MP.ZS,4.11521261308769
South Asia,SAS,Population density (people per sq. km of land area),EN.POP.DNST,375.804487603408
South Asia,SAS,Net migration,SM.POP.NETM,-6215366
South Asia (IDA & IBRD),TSA,Population growth (annual %),SP.POP.GROW,1.22492615301573
South Asia (IDA & IBRD),TSA,"International tourism, expenditures (% of total imports)",ST.INT.XPND.MP.ZS,4.11521261308769
South Asia (IDA & IBRD),TSA,Population density (people per sq. km of land area),EN.POP.DNST,375.804487603408
South Asia (IDA & IBRD),TSA,Net migration,SM.POP.NETM,-6215366
Sub-Saharan Africa,SSF,Population growth (annual %),SP.POP.GROW,2.70237141005056
Sub-Saharan Africa,SSF,"International tourism, expenditures (% of total imports)",ST.INT.XPND.MP.ZS,6.69453435551038
Sub-Saharan Africa,SSF,Population density (people per sq. km of land area),EN.POP.DNST,44.0267705237394
Sub-Saharan Africa,SSF,Net migration,SM.POP.NETM,-1814121
Sub-Saharan Africa (excluding high income),SSA,Population growth (annual %),SP.POP.GROW,2.70250760681674
Sub-Saharan Africa (excluding high income),SSA,"International tourism, expenditures (% of total imports)",ST.INT.XPND.MP.ZS,6.69726804512675
Sub-Saharan Africa (excluding high income),SSA,Population density (people per sq. km of land area),EN.POP.DNST,44.0236014170857
Sub-Saharan Africa (excluding high income),SSA,Net migration,SM.POP.NETM,-1813121
Sub-Saharan Africa (IDA & IBRD countries),TSS,Population growth (annual %),SP.POP.GROW,2.70237141005056
Sub-Saharan Africa (IDA & IBRD countries),TSS,"International tourism, expenditures (% of total imports)",ST.INT.XPND.MP.ZS,6.69453435551038
Sub-Saharan Africa (IDA & IBRD countries),TSS,Population density (people per sq. km of land area),EN.POP.DNST,44.0267705237394
Sub-Saharan Africa (IDA & IBRD countries),TSS,Net migration,SM.POP.NETM,-1814121
Upper middle income,UMC,Population growth (annual %),SP.POP.GROW,0.739055699987091
Upper middle income,UMC,"International tourism, expenditures (% of total imports)",ST.INT.XPND.MP.ZS,..
Upper middle income,UMC,Population density (people per sq. km of land area),EN.POP.DNST,46.1053365026138
Upper middle income,UMC,Net migration,SM.POP.NETM,2160684
World,WLD,Population growth (annual %),SP.POP.GROW,1.14385698082209
World,WLD,"International tourism, expenditures (% of total imports)",ST.INT.XPND.MP.ZS,5.83220237407221
World,WLD,Population density (people per sq. km of land area),EN.POP.DNST,57.7842210838138
World,WLD,Net migration,SM.POP.NETM,0
,,,,
,,,,
,,,,
Data from database: World Development Indicators,,,,
Last Updated: 09/15/2021,,,,
